{
  "type": "FeatureCollection",
  "name": "Batas_Kecamatan_Kabupaten_Maros_BPS2023",
  "crs": {
    "type": "name",
    "properties": {
      "name": "urn:ogc:def:crs:OGC:1.3:CRS84"
    }
  },
  "features": [
    {
      "type": "Feature",
      "properties": {
        "KECAMATAN": "Kecamatan Bontoa",
        "NAMA_KECAMATAN": "Bontoa",
        "KODE_BPS": "7309060",
        "IBUKOTA": "Panjallingan",
        "LUAS_KM2": 93.52,
        "PENDUDUK_2023": 31450,
        "LAKI_LAKI": 15510,
        "PEREMPUAN": 15940,
        "RASIO_KELAMIN": 97.3,
        "KEPALA_KELUARGA": 8720,
        "KEPADATAN_KM2": 336,
        "PERTUMBUHAN_PCT": 0.9,
        "DESA_KELURAHAN": 9,
        "SUMBER_DATA": "BPS Maros Dalam Angka 2024",
        "TAHUN_DATA": "2023",
        "KETERANGAN": "Pesisir utara perbatasan Kab. Pangkep. Sentra perikanan garam, tambak kepiting, dan mangrove.",
        "COLOR": "#457b9d"
      },
      "geometry": {
        "type": "Polygon",
        "coordinates": [
          [
            [
              119.52412627867356,
              -4.918945880568473
            ],
            [
              119.5240992,
              -4.9184357
            ],
            [
              119.5239651,
              -4.918441
            ],
            [
              119.523831,
              -4.9177088
            ],
            [
              119.5236432,
              -4.9166185
            ],
            [
              119.5237398,
              -4.9165757
            ],
            [
              119.5236486,
              -4.9157099
            ],
            [
              119.5240563,
              -4.9156564
            ],
            [
              119.5240402,
              -4.9151807
            ],
            [
              119.5237935,
              -4.9141706
            ],
            [
              119.5236218,
              -4.9141706
            ],
            [
              119.5235735,
              -4.9136575
            ],
            [
              119.5236969,
              -4.913556
            ],
            [
              119.5235038,
              -4.9128825
            ],
            [
              119.523316,
              -4.9128237
            ],
            [
              119.5232302,
              -4.9124817
            ],
            [
              119.5230424,
              -4.9125405
            ],
            [
              119.522962,
              -4.9122251
            ],
            [
              119.5234019,
              -4.9121343
            ],
            [
              119.5232248,
              -4.911402
            ],
            [
              119.5227957,
              -4.9114822
            ],
            [
              119.5225489,
              -4.9105202
            ],
            [
              119.5229673,
              -4.9104453
            ],
            [
              119.5228922,
              -4.9101514
            ],
            [
              119.5224738,
              -4.9102369
            ],
            [
              119.5223236,
              -4.909649
            ],
            [
              119.5226079,
              -4.9095902
            ],
            [
              119.5224738,
              -4.9091305
            ],
            [
              119.5226079,
              -4.9090771
            ],
            [
              119.5224094,
              -4.9083502
            ],
            [
              119.5220071,
              -4.908393
            ],
            [
              119.5217979,
              -4.90796
            ],
            [
              119.5222163,
              -4.9078157
            ],
            [
              119.5220393,
              -4.9071476
            ],
            [
              119.5218623,
              -4.907185
            ],
            [
              119.5217442,
              -4.9067788
            ],
            [
              119.5219749,
              -4.9066987
            ],
            [
              119.5218408,
              -4.9062871
            ],
            [
              119.5212507,
              -4.9063192
            ],
            [
              119.5208752,
              -4.9052502
            ],
            [
              119.5212507,
              -4.905154
            ],
            [
              119.5209337,
              -4.90417
            ],
            [
              119.519724,
              -4.9017833
            ],
            [
              119.5190208,
              -4.9004889
            ],
            [
              119.5180643,
              -4.8992427
            ],
            [
              119.5178711,
              -4.8993068
            ],
            [
              119.5173722,
              -4.8984089
            ],
            [
              119.5174849,
              -4.8982539
            ],
            [
              119.5166968,
              -4.8972828
            ],
            [
              119.5140867,
              -4.8942547
            ],
            [
              119.5133061,
              -4.8929901
            ],
            [
              119.5128055,
              -4.8911673
            ],
            [
              119.512871,
              -4.8903539
            ],
            [
              119.5131988,
              -4.8891249
            ],
            [
              119.5139735,
              -4.8879671
            ],
            [
              119.5139912,
              -4.8879289
            ],
            [
              119.5143251,
              -4.8872071
            ],
            [
              119.5142655,
              -4.8867974
            ],
            [
              119.5148561,
              -4.8859028
            ],
            [
              119.5161724,
              -4.8846421
            ],
            [
              119.5170066,
              -4.8837515
            ],
            [
              119.5177217,
              -4.883609
            ],
            [
              119.5184964,
              -4.8837337
            ],
            [
              119.5189395,
              -4.8837839
            ],
            [
              119.5199016,
              -4.8827664
            ],
            [
              119.5210562,
              -4.8837445
            ],
            [
              119.5224223,
              -4.8843411
            ],
            [
              119.5239878,
              -4.8847786
            ],
            [
              119.5255493,
              -4.8852084
            ],
            [
              119.5265291,
              -4.8858327
            ],
            [
              119.5269913,
              -4.8866535
            ],
            [
              119.5273378,
              -4.888034
            ],
            [
              119.5276964,
              -4.8894065
            ],
            [
              119.5276763,
              -4.8910991
            ],
            [
              119.5277721,
              -4.8925689
            ],
            [
              119.5285007,
              -4.8936851
            ],
            [
              119.5299084,
              -4.8942473
            ],
            [
              119.5318148,
              -4.8939268
            ],
            [
              119.5327763,
              -4.8932976
            ],
            [
              119.5344419,
              -4.8918387
            ],
            [
              119.5366179,
              -4.891087
            ],
            [
              119.5386723,
              -4.8911689
            ],
            [
              119.5402459,
              -4.8922312
            ],
            [
              119.5417948,
              -4.8928269
            ],
            [
              119.5439313,
              -4.8929701
            ],
            [
              119.5450602,
              -4.8920939
            ],
            [
              119.5462733,
              -4.8916806
            ],
            [
              119.5477935,
              -4.8918034
            ],
            [
              119.5486376,
              -4.8923654
            ],
            [
              119.5495191,
              -4.8927041
            ],
            [
              119.5508536,
              -4.8925415
            ],
            [
              119.5517615,
              -4.8916949
            ],
            [
              119.5525518,
              -4.8905837
            ],
            [
              119.5535555,
              -4.89011
            ],
            [
              119.5543036,
              -4.8902982
            ],
            [
              119.5550009,
              -4.8915501
            ],
            [
              119.5560888,
              -4.8933416
            ],
            [
              119.556652,
              -4.8936908
            ],
            [
              119.5572933,
              -4.8937677
            ],
            [
              119.5580438,
              -4.8936976
            ],
            [
              119.5603826,
              -4.8925325
            ],
            [
              119.5620234,
              -4.8920607
            ],
            [
              119.5631369,
              -4.8921993
            ],
            [
              119.5640605,
              -4.8929021
            ],
            [
              119.5646311,
              -4.8938383
            ],
            [
              119.5653071,
              -4.896133
            ],
            [
              119.5664446,
              -4.8981782
            ],
            [
              119.5673102,
              -4.8982751
            ],
            [
              119.5683818,
              -4.8981099
            ],
            [
              119.5698388,
              -4.8975302
            ],
            [
              119.5709793,
              -4.8973329
            ],
            [
              119.5711988,
              -4.897295
            ],
            [
              119.5723229,
              -4.8973807
            ],
            [
              119.5729262,
              -4.8974866
            ],
            [
              119.57337564053881,
              -4.897839011197655
            ],
            [
              119.52412627867356,
              -4.918945880568473
            ]
          ]
        ]
      }
    },
    {
      "type": "Feature",
      "properties": {
        "KECAMATAN": "Kecamatan Marusu",
        "NAMA_KECAMATAN": "Marusu",
        "KODE_BPS": "7309140",
        "IBUKOTA": "Temmapaddua",
        "LUAS_KM2": 73.83,
        "PENDUDUK_2023": 37099,
        "LAKI_LAKI": 18490,
        "PEREMPUAN": 18609,
        "RASIO_KELAMIN": 99.4,
        "KEPALA_KELUARGA": 9850,
        "KEPADATAN_KM2": 503,
        "PERTUMBUHAN_PCT": 1.7,
        "DESA_KELURAHAN": 7,
        "SUMBER_DATA": "BPS Maros Dalam Angka 2024",
        "TAHUN_DATA": "2023",
        "KETERANGAN": "Kawasan industri pesisir Mamminasata dan sentra pergudangan logistik modern terintegrasi.",
        "COLOR": "#0096c7"
      },
      "geometry": {
        "type": "MultiPolygon",
        "coordinates": [
          [
            [
              [
                119.48811320754719,
                -5.042641509433967
              ],
              [
                119.50937297361533,
                -5.069216217019162
              ],
              [
                119.5090158,
                -5.0692208
              ],
              [
                119.5088682,
                -5.0691503
              ],
              [
                119.5086936,
                -5.0689445
              ],
              [
                119.5084887,
                -5.0687653
              ],
              [
                119.5083514,
                -5.0687497
              ],
              [
                119.508071,
                -5.0687344
              ],
              [
                119.5079077,
                -5.068627
              ],
              [
                119.5078245,
                -5.067737
              ],
              [
                119.5076427,
                -5.0676019
              ],
              [
                119.5072022,
                -5.0674607
              ],
              [
                119.5069495,
                -5.0676418
              ],
              [
                119.5063949,
                -5.0679057
              ],
              [
                119.5062378,
                -5.0678781
              ],
              [
                119.5052827,
                -5.0679334
              ],
              [
                119.505181,
                -5.067915
              ],
              [
                119.5051132,
                -5.0678382
              ],
              [
                119.50503,
                -5.0675712
              ],
              [
                119.5049437,
                -5.0674699
              ],
              [
                119.5048359,
                -5.067473
              ],
              [
                119.5046141,
                -5.0676387
              ],
              [
                119.5045494,
                -5.0679334
              ],
              [
                119.5038993,
                -5.0680101
              ],
              [
                119.5036528,
                -5.0680316
              ],
              [
                119.5034618,
                -5.0682403
              ],
              [
                119.5032861,
                -5.0685656
              ],
              [
                119.5031074,
                -5.0687896
              ],
              [
                119.5025713,
                -5.0687651
              ],
              [
                119.502405,
                -5.0690106
              ],
              [
                119.5021277,
                -5.0693727
              ],
              [
                119.5018843,
                -5.0695108
              ],
              [
                119.5017241,
                -5.069474
              ],
              [
                119.5010277,
                -5.0690781
              ],
              [
                119.4997553,
                -5.0687006
              ],
              [
                119.4988032,
                -5.0680101
              ],
              [
                119.4978727,
                -5.0673687
              ],
              [
                119.4978543,
                -5.0670341
              ],
              [
                119.4974969,
                -5.0667579
              ],
              [
                119.497084,
                -5.0669145
              ],
              [
                119.4967543,
                -5.0671661
              ],
              [
                119.4961042,
                -5.0676387
              ],
              [
                119.4958331,
                -5.0676173
              ],
              [
                119.4955835,
                -5.0674638
              ],
              [
                119.4952662,
                -5.0672183
              ],
              [
                119.4950258,
                -5.0669359
              ],
              [
                119.494995,
                -5.0662853
              ],
              [
                119.4949981,
                -5.0658127
              ],
              [
                119.4950228,
                -5.0653523
              ],
              [
                119.4951922,
                -5.0651866
              ],
              [
                119.4957807,
                -5.0646741
              ],
              [
                119.4958331,
                -5.0641677
              ],
              [
                119.4957136,
                -5.0640606
              ],
              [
                119.4954634,
                -5.0638362
              ],
              [
                119.4949467,
                -5.063425
              ],
              [
                119.494522,
                -5.0634638
              ],
              [
                119.4942354,
                -5.0636295
              ],
              [
                119.4939805,
                -5.064116
              ],
              [
                119.4940195,
                -5.0645249
              ],
              [
                119.494207,
                -5.0650326
              ],
              [
                119.4941115,
                -5.0653323
              ],
              [
                119.4939947,
                -5.0655403
              ],
              [
                119.4935523,
                -5.0656495
              ],
              [
                119.4931594,
                -5.0654662
              ],
              [
                119.4928268,
                -5.0653146
              ],
              [
                119.4925932,
                -5.0653393
              ],
              [
                119.4924622,
                -5.0656707
              ],
              [
                119.4928551,
                -5.066136
              ],
              [
                119.4931842,
                -5.0664604
              ],
              [
                119.4932479,
                -5.0667283
              ],
              [
                119.4931701,
                -5.0668728
              ],
              [
                119.492986,
                -5.0669222
              ],
              [
                119.4925436,
                -5.0668658
              ],
              [
                119.4920509,
                -5.0664876
              ],
              [
                119.4918181,
                -5.0663088
              ],
              [
                119.4908448,
                -5.0658258
              ],
              [
                119.4905404,
                -5.0656531
              ],
              [
                119.4904697,
                -5.0654415
              ],
              [
                119.4905157,
                -5.0651348
              ],
              [
                119.4906608,
                -5.064807
              ],
              [
                119.4906714,
                -5.0643698
              ],
              [
                119.4903953,
                -5.0640631
              ],
              [
                119.4898702,
                -5.064117
              ],
              [
                119.4896262,
                -5.0640556
              ],
              [
                119.4893848,
                -5.0639487
              ],
              [
                119.4891326,
                -5.0637323
              ],
              [
                119.4889556,
                -5.0635933
              ],
              [
                119.488674,
                -5.0633743
              ],
              [
                119.4882877,
                -5.063238
              ],
              [
                119.4881053,
                -5.0633155
              ],
              [
                119.4879927,
                -5.0636494
              ],
              [
                119.4881322,
                -5.0639487
              ],
              [
                119.488556,
                -5.0642105
              ],
              [
                119.4888591,
                -5.0644109
              ],
              [
                119.4890334,
                -5.0647716
              ],
              [
                119.4889985,
                -5.0652124
              ],
              [
                119.4887705,
                -5.0656452
              ],
              [
                119.4885881,
                -5.0657681
              ],
              [
                119.488277,
                -5.0658296
              ],
              [
                119.4873114,
                -5.0656078
              ],
              [
                119.4866677,
                -5.0651162
              ],
              [
                119.4864021,
                -5.0647208
              ],
              [
                119.486311,
                -5.064475
              ],
              [
                119.4863163,
                -5.064312
              ],
              [
                119.4864263,
                -5.063612
              ],
              [
                119.4863056,
                -5.063238
              ],
              [
                119.4857772,
                -5.0626796
              ],
              [
                119.4853963,
                -5.0624418
              ],
              [
                119.4848196,
                -5.0622014
              ],
              [
                119.4845863,
                -5.0618193
              ],
              [
                119.4846533,
                -5.0612689
              ],
              [
                119.4848626,
                -5.06078
              ],
              [
                119.4849913,
                -5.0603205
              ],
              [
                119.4848867,
                -5.0598021
              ],
              [
                119.4844307,
                -5.0596205
              ],
              [
                119.4835992,
                -5.0594869
              ],
              [
                119.4823949,
                -5.0600853
              ],
              [
                119.4818048,
                -5.0601414
              ],
              [
                119.4794457,
                -5.0598608
              ],
              [
                119.4794512,
                -5.0597428
              ],
              [
                119.4794378,
                -5.0597094
              ],
              [
                119.4794042,
                -5.0596987
              ],
              [
                119.4793533,
                -5.0596867
              ],
              [
                119.4790113,
                -5.0596586
              ],
              [
                119.4787645,
                -5.0596346
              ],
              [
                119.478507,
                -5.0595838
              ],
              [
                119.4780403,
                -5.059485
              ],
              [
                119.4777024,
                -5.0593835
              ],
              [
                119.4775146,
                -5.0593086
              ],
              [
                119.477414,
                -5.0592619
              ],
              [
                119.4773604,
                -5.0592031
              ],
              [
                119.4773215,
                -5.0591296
              ],
              [
                119.4773094,
                -5.0590602
              ],
              [
                119.4773081,
                -5.058992
              ],
              [
                119.4773148,
                -5.0589226
              ],
              [
                119.4773322,
                -5.0588611
              ],
              [
                119.4773765,
                -5.0587556
              ],
              [
                119.4773819,
                -5.0586901
              ],
              [
                119.4773644,
                -5.0586167
              ],
              [
                119.4772732,
                -5.0584417
              ],
              [
                119.4772317,
                -5.0583027
              ],
              [
                119.4772169,
                -5.0582253
              ],
              [
                119.4772236,
                -5.0581825
              ],
              [
                119.4772692,
                -5.0581518
              ],
              [
                119.4774288,
                -5.0581237
              ],
              [
                119.4774556,
                -5.0581037
              ],
              [
                119.4774677,
                -5.058069
              ],
              [
                119.477473,
                -5.0580155
              ],
              [
                119.4774529,
                -5.0579327
              ],
              [
                119.4774221,
                -5.0578579
              ],
              [
                119.4773778,
                -5.0577991
              ],
              [
                119.4772866,
                -5.0577323
              ],
              [
                119.4772249,
                -5.0577002
              ],
              [
                119.4770882,
                -5.0576014
              ],
              [
                119.4770633,
                -5.0575727
              ],
              [
                119.477056,
                -5.0575506
              ],
              [
                119.4770506,
                -5.0574972
              ],
              [
                119.4770721,
                -5.057202
              ],
              [
                119.4772089,
                -5.056148
              ],
              [
                119.4772518,
                -5.0558327
              ],
              [
                119.4773591,
                -5.0549857
              ],
              [
                119.4773778,
                -5.0548388
              ],
              [
                119.4773859,
                -5.0547399
              ],
              [
                119.4773832,
                -5.0546277
              ],
              [
                119.4773644,
                -5.054235
              ],
              [
                119.4773751,
                -5.0537914
              ],
              [
                119.4773805,
                -5.053567
              ],
              [
                119.4773966,
                -5.0533052
              ],
              [
                119.4774932,
                -5.052012
              ],
              [
                119.4775307,
                -5.0515899
              ],
              [
                119.4776273,
                -5.0506868
              ],
              [
                119.4777077,
                -5.0499387
              ],
              [
                119.4777292,
                -5.0493082
              ],
              [
                119.4777453,
                -5.0486616
              ],
              [
                119.4777614,
                -5.0479456
              ],
              [
                119.4777453,
                -5.0474272
              ],
              [
                119.4777429,
                -5.0472872
              ],
              [
                119.4777185,
                -5.0458455
              ],
              [
                119.4777131,
                -5.0447394
              ],
              [
                119.4777131,
                -5.0442184
              ],
              [
                119.4777051,
                -5.0441062
              ],
              [
                119.4776782,
                -5.0439271
              ],
              [
                119.4776219,
                -5.0437161
              ],
              [
                119.4775575,
                -5.043505
              ],
              [
                119.4775039,
                -5.0432913
              ],
              [
                119.4774342,
                -5.0428744
              ],
              [
                119.4773859,
                -5.0425538
              ],
              [
                119.4773376,
                -5.0422305
              ],
              [
                119.4772571,
                -5.0414958
              ],
              [
                119.4770586,
                -5.0403389
              ],
              [
                119.47703930906478,
                -5.040085994399565
              ],
              [
                119.48811320754719,
                -5.042641509433967
              ]
            ]
          ],
          [
            [
              [
                119.54086206896551,
                -5.108577586206894
              ],
              [
                119.53995729652081,
                -5.109633154059045
              ],
              [
                119.5398314,
                -5.1095889
              ],
              [
                119.5392651,
                -5.1081647
              ],
              [
                119.5394421,
                -5.1075513
              ],
              [
                119.5392439,
                -5.1074244
              ],
              [
                119.539166,
                -5.1069098
              ],
              [
                119.5389254,
                -5.1065079
              ],
              [
                119.53899952738757,
                -5.106249409234482
              ],
              [
                119.54086206896551,
                -5.108577586206894
              ]
            ]
          ],
          [
            [
              [
                119.49940054011762,
                -5.1569493698627875
              ],
              [
                119.4979613,
                -5.1562958
              ],
              [
                119.4972586,
                -5.1554196
              ],
              [
                119.4966524,
                -5.1546449
              ],
              [
                119.4960463,
                -5.1537527
              ],
              [
                119.4957619,
                -5.1529192
              ],
              [
                119.4952577,
                -5.1525666
              ],
              [
                119.4944208,
                -5.1525987
              ],
              [
                119.4939917,
                -5.1523849
              ],
              [
                119.4937127,
                -5.1519896
              ],
              [
                119.4937074,
                -5.151498
              ],
              [
                119.4937675,
                -5.1511818
              ],
              [
                119.4958882,
                -5.1513239
              ],
              [
                119.4982517,
                -5.1513631
              ],
              [
                119.4986132,
                -5.1511594
              ],
              [
                119.4989184,
                -5.1509627
              ],
              [
                119.499546,
                -5.1497446
              ],
              [
                119.5013163,
                -5.1470838
              ],
              [
                119.5021424,
                -5.1464748
              ],
              [
                119.5030552,
                -5.1465479
              ],
              [
                119.5031293,
                -5.1465759
              ],
              [
                119.5042774,
                -5.1473937
              ],
              [
                119.505161,
                -5.1483174
              ],
              [
                119.5059587,
                -5.1492464
              ],
              [
                119.50598077578913,
                -5.1492724282460145
              ],
              [
                119.49940054011762,
                -5.1569493698627875
              ]
            ]
          ]
        ]
      }
    },
    {
      "type": "Feature",
      "properties": {
        "KECAMATAN": "Kecamatan Moncongloe",
        "NAMA_KECAMATAN": "Moncongloe",
        "KODE_BPS": "7309030",
        "IBUKOTA": "Moncongloe B.",
        "LUAS_KM2": 46.87,
        "PENDUDUK_2023": 21100,
        "LAKI_LAKI": 10480,
        "PEREMPUAN": 10620,
        "RASIO_KELAMIN": 98.7,
        "KEPALA_KELUARGA": 5710,
        "KEPADATAN_KM2": 450,
        "PERTUMBUHAN_PCT": 1.8,
        "DESA_KELURAHAN": 5,
        "SUMBER_DATA": "BPS Maros Dalam Angka 2024",
        "TAHUN_DATA": "2023",
        "KETERANGAN": "Berbatasan langsung dengan Kota Makassar, kawasan agropolitan dan perumahan modern.",
        "COLOR": "#e76f51"
      },
      "geometry": {
        "type": "MultiPolygon",
        "coordinates": [
          [
            [
              [
                119.50598077578913,
                -5.1492724282460145
              ],
              [
                119.5063776,
                -5.1497403
              ],
              [
                119.5074272,
                -5.1510789
              ],
              [
                119.5075059,
                -5.1511793
              ],
              [
                119.5076205,
                -5.1512926
              ],
              [
                119.5078472,
                -5.1514478
              ],
              [
                119.5079542,
                -5.1515015
              ],
              [
                119.5080614,
                -5.151547
              ],
              [
                119.5081616,
                -5.1515575
              ],
              [
                119.5082706,
                -5.1515161
              ],
              [
                119.5083533,
                -5.151456
              ],
              [
                119.5084011,
                -5.1514028
              ],
              [
                119.5084638,
                -5.1513037
              ],
              [
                119.5085149,
                -5.1512022
              ],
              [
                119.5085797,
                -5.1508131
              ],
              [
                119.5086333,
                -5.1488149
              ],
              [
                119.5089981,
                -5.1480135
              ],
              [
                119.5099448,
                -5.1469865
              ],
              [
                119.51013,
                -5.1468912
              ],
              [
                119.5108113,
                -5.1467099
              ],
              [
                119.5119631,
                -5.1469262
              ],
              [
                119.5143566,
                -5.1479851
              ],
              [
                119.5147809,
                -5.1481845
              ],
              [
                119.5152745,
                -5.1486012
              ],
              [
                119.5163534,
                -5.1505504
              ],
              [
                119.5170186,
                -5.1510847
              ],
              [
                119.5174115,
                -5.1511729
              ],
              [
                119.5177327,
                -5.1511729
              ],
              [
                119.5184445,
                -5.1509589
              ],
              [
                119.5185176,
                -5.150404
              ],
              [
                119.5185822,
                -5.1503013
              ],
              [
                119.5186251,
                -5.1500128
              ],
              [
                119.5186465,
                -5.1496121
              ],
              [
                119.5187485,
                -5.1494999
              ],
              [
                119.5194512,
                -5.1493663
              ],
              [
                119.5196121,
                -5.1494304
              ],
              [
                119.5197892,
                -5.1496708
              ],
              [
                119.5200252,
                -5.149767
              ],
              [
                119.5202022,
                -5.1496762
              ],
              [
                119.5202398,
                -5.1494518
              ],
              [
                119.5203256,
                -5.1489763
              ],
              [
                119.5204329,
                -5.1485756
              ],
              [
                119.5204436,
                -5.1484473
              ],
              [
                119.5206797,
                -5.148287
              ],
              [
                119.5209532,
                -5.1482817
              ],
              [
                119.5212107,
                -5.1482764
              ],
              [
                119.5212858,
                -5.1481428
              ],
              [
                119.5213609,
                -5.1477581
              ],
              [
                119.5213502,
                -5.1476245
              ],
              [
                119.5215809,
                -5.1475604
              ],
              [
                119.5218652,
                -5.1475337
              ],
              [
                119.5220959,
                -5.1472933
              ],
              [
                119.5220422,
                -5.1470635
              ],
              [
                119.5218867,
                -5.1469353
              ],
              [
                119.5215541,
                -5.1470422
              ],
              [
                119.5215058,
                -5.1469834
              ],
              [
                119.5215541,
                -5.1468498
              ],
              [
                119.5215648,
                -5.1466041
              ],
              [
                119.5215004,
                -5.1464812
              ],
              [
                119.5216077,
                -5.1463369
              ],
              [
                119.5216345,
                -5.1460644
              ],
              [
                119.5213663,
                -5.1457759
              ],
              [
                119.5212268,
                -5.1455622
              ],
              [
                119.5212537,
                -5.1453271
              ],
              [
                119.5214146,
                -5.1451829
              ],
              [
                119.5216077,
                -5.1450867
              ],
              [
                119.5216023,
                -5.1448356
              ],
              [
                119.5215165,
                -5.1447394
              ],
              [
                119.5213663,
                -5.1446967
              ],
              [
                119.5213556,
                -5.1445791
              ],
              [
                119.5215755,
                -5.1440342
              ],
              [
                119.5216774,
                -5.1439647
              ],
              [
                119.5218817,
                -5.1440093
              ],
              [
                119.5220233,
                -5.1441679
              ],
              [
                119.5221719,
                -5.1441891
              ],
              [
                119.522317,
                -5.1438789
              ],
              [
                119.5225294,
                -5.1437379
              ],
              [
                119.52277,
                -5.1436286
              ],
              [
                119.5229647,
                -5.1435652
              ],
              [
                119.5230496,
                -5.1433537
              ],
              [
                119.522993,
                -5.1431316
              ],
              [
                119.5230107,
                -5.1428637
              ],
              [
                119.5230779,
                -5.1427016
              ],
              [
                119.5232761,
                -5.1426663
              ],
              [
                119.5233292,
                -5.1425782
              ],
              [
                119.5233328,
                -5.1424372
              ],
              [
                119.5233186,
                -5.1422891
              ],
              [
                119.5233611,
                -5.142201
              ],
              [
                119.5235239,
                -5.1421799
              ],
              [
                119.5236442,
                -5.1421975
              ],
              [
                119.5237256,
                -5.1421058
              ],
              [
                119.5237398,
                -5.1419648
              ],
              [
                119.5236831,
                -5.1417146
              ],
              [
                119.5236938,
                -5.141496
              ],
              [
                119.5238353,
                -5.1412034
              ],
              [
                119.5240831,
                -5.1411083
              ],
              [
                119.5242777,
                -5.1410871
              ],
              [
                119.5244901,
                -5.1408721
              ],
              [
                119.5247201,
                -5.1405901
              ],
              [
                119.524844,
                -5.1404738
              ],
              [
                119.5249927,
                -5.1401283
              ],
              [
                119.5251236,
                -5.1401037
              ],
              [
                119.5252546,
                -5.1401248
              ],
              [
                119.5254315,
                -5.1399838
              ],
              [
                119.5254634,
                -5.139797
              ],
              [
                119.525343,
                -5.139589
              ],
              [
                119.5254634,
                -5.1393951
              ],
              [
                119.525658,
                -5.1394022
              ],
              [
                119.5259659,
                -5.1394762
              ],
              [
                119.5260863,
                -5.1395432
              ],
              [
                119.5262243,
                -5.1394092
              ],
              [
                119.5262639,
                -5.1392854
              ],
              [
                119.5262455,
                -5.1391801
              ],
              [
                119.5263552,
                -5.1391167
              ],
              [
                119.5266242,
                -5.1390814
              ],
              [
                119.5268613,
                -5.1389334
              ],
              [
                119.5269595,
                -5.1384722
              ],
              [
                119.5269246,
                -5.1379486
              ],
              [
                119.5270399,
                -5.1378471
              ],
              [
                119.5271445,
                -5.1380448
              ],
              [
                119.5273323,
                -5.1380582
              ],
              [
                119.5274503,
                -5.13797
              ],
              [
                119.5275227,
                -5.1378605
              ],
              [
                119.5276837,
                -5.1378632
              ],
              [
                119.5278097,
                -5.1377803
              ],
              [
                119.5279084,
                -5.1374322
              ],
              [
                119.5279492,
                -5.1372167
              ],
              [
                119.5278097,
                -5.1370671
              ],
              [
                119.5276112,
                -5.1370003
              ],
              [
                119.5274288,
                -5.1366797
              ],
              [
                119.5274718,
                -5.1364259
              ],
              [
                119.5275844,
                -5.1363111
              ],
              [
                119.527799,
                -5.1363885
              ],
              [
                119.5279009,
                -5.1363805
              ],
              [
                119.5278706,
                -5.1357044
              ],
              [
                119.5279787,
                -5.1352158
              ],
              [
                119.5280255,
                -5.1348771
              ],
              [
                119.5280002,
                -5.134441
              ],
              [
                119.5281048,
                -5.134222
              ],
              [
                119.5284776,
                -5.1335381
              ],
              [
                119.5285742,
                -5.1330332
              ],
              [
                119.5286788,
                -5.1328809
              ],
              [
                119.5289627,
                -5.1327335
              ],
              [
                119.5291833,
                -5.1326189
              ],
              [
                119.529249,
                -5.1326104
              ],
              [
                119.5294948,
                -5.1327755
              ],
              [
                119.5295663,
                -5.132767
              ],
              [
                119.5302465,
                -5.1323257
              ],
              [
                119.5303094,
                -5.1323029
              ],
              [
                119.5307067,
                -5.132357
              ],
              [
                119.5309011,
                -5.1323371
              ],
              [
                119.5309726,
                -5.1322716
              ],
              [
                119.531124,
                -5.1319556
              ],
              [
                119.5313184,
                -5.1317393
              ],
              [
                119.5318329,
                -5.1314375
              ],
              [
                119.5319187,
                -5.1313407
              ],
              [
                119.531973,
                -5.1313037
              ],
              [
                119.5320301,
                -5.1312752
              ],
              [
                119.5322188,
                -5.1312411
              ],
              [
                119.5322759,
                -5.131204
              ],
              [
                119.5323903,
                -5.1309621
              ],
              [
                119.5324646,
                -5.1308539
              ],
              [
                119.532819,
                -5.1306233
              ],
              [
                119.5330191,
                -5.1302845
              ],
              [
                119.5335079,
                -5.129661
              ],
              [
                119.5335536,
                -5.1294931
              ],
              [
                119.5347169,
                -5.1280269
              ],
              [
                119.5357602,
                -5.1267942
              ],
              [
                119.5361775,
                -5.126185
              ],
              [
                119.5371983,
                -5.124889
              ],
              [
                119.5376553,
                -5.1243089
              ],
              [
                119.5376639,
                -5.1241723
              ],
              [
                119.5376324,
                -5.1239104
              ],
              [
                119.5376467,
                -5.1238449
              ],
              [
                119.5378582,
                -5.1237025
              ],
              [
                119.5379354,
                -5.1235915
              ],
              [
                119.5379497,
                -5.1235289
              ],
              [
                119.5379125,
                -5.1232499
              ],
              [
                119.5379739,
                -5.1230873
              ],
              [
                119.5380702,
                -5.1229625
              ],
              [
                119.53817,
                -5.1228332
              ],
              [
                119.5382226,
                -5.1226438
              ],
              [
                119.5382619,
                -5.1225559
              ],
              [
                119.538302,
                -5.122516
              ],
              [
                119.5383689,
                -5.1225331
              ],
              [
                119.5385639,
                -5.122559
              ],
              [
                119.538679,
                -5.1225826
              ],
              [
                119.5387241,
                -5.1225405
              ],
              [
                119.5387697,
                -5.1224981
              ],
              [
                119.5387375,
                -5.1224398
              ],
              [
                119.5387316,
                -5.1223728
              ],
              [
                119.5387755,
                -5.1222504
              ],
              [
                119.5388721,
                -5.1221543
              ],
              [
                119.5389364,
                -5.1221368
              ],
              [
                119.5390593,
                -5.1221543
              ],
              [
                119.539243,
                -5.1223712
              ],
              [
                119.5393284,
                -5.122402
              ],
              [
                119.539384,
                -5.1223728
              ],
              [
                119.5394543,
                -5.1223349
              ],
              [
                119.5395782,
                -5.1221701
              ],
              [
                119.539656,
                -5.1220445
              ],
              [
                119.5398142,
                -5.1214568
              ],
              [
                119.5398866,
                -5.1209225
              ],
              [
                119.5398383,
                -5.1206099
              ],
              [
                119.5398652,
                -5.1205004
              ],
              [
                119.5400234,
                -5.1203347
              ],
              [
                119.5400824,
                -5.120105
              ],
              [
                119.5401012,
                -5.1198913
              ],
              [
                119.5402407,
                -5.1196535
              ],
              [
                119.5403104,
                -5.1193917
              ],
              [
                119.5403721,
                -5.11917
              ],
              [
                119.5405062,
                -5.1187959
              ],
              [
                119.5406269,
                -5.1185261
              ],
              [
                119.5406108,
                -5.1183124
              ],
              [
                119.540643,
                -5.117885
              ],
              [
                119.5406752,
                -5.1178021
              ],
              [
                119.5407235,
                -5.1177514
              ],
              [
                119.5407852,
                -5.1175029
              ],
              [
                119.5408252,
                -5.1173541
              ],
              [
                119.5409166,
                -5.117014
              ],
              [
                119.540989,
                -5.1165626
              ],
              [
                119.5411312,
                -5.1165412
              ],
              [
                119.5412036,
                -5.1165145
              ],
              [
                119.5414235,
                -5.1160897
              ],
              [
                119.5422926,
                -5.1143051
              ],
              [
                119.5425313,
                -5.1139097
              ],
              [
                119.5426305,
                -5.1138002
              ],
              [
                119.5428049,
                -5.1131243
              ],
              [
                119.5430999,
                -5.1121973
              ],
              [
                119.5432608,
                -5.1119007
              ],
              [
                119.5432608,
                -5.1117298
              ],
              [
                119.543383,
                -5.1115676
              ],
              [
                119.5431582,
                -5.1111611
              ],
              [
                119.542415,
                -5.1108438
              ],
              [
                119.5417143,
                -5.110456
              ],
              [
                119.541693,
                -5.1102375
              ],
              [
                119.5411834,
                -5.1097651
              ],
              [
                119.5407941,
                -5.1099273
              ],
              [
                119.53995729652081,
                -5.109633154059045
              ],
              [
                119.54086206896551,
                -5.108577586206894
              ],
              [
                119.57348159509203,
                -5.115567484662576
              ],
              [
                119.6037375330805,
                -5.154075042102446
              ],
              [
                119.6007746,
                -5.1536811
              ],
              [
                119.5992979,
                -5.1575949
              ],
              [
                119.5961367,
                -5.1597858
              ],
              [
                119.5951262,
                -5.1599086
              ],
              [
                119.5895812,
                -5.1584221
              ],
              [
                119.5881241,
                -5.15805
              ],
              [
                119.587419,
                -5.1578779
              ],
              [
                119.5856817,
                -5.1576407
              ],
              [
                119.5833,
                -5.1577012
              ],
              [
                119.5819831,
                -5.1576826
              ],
              [
                119.5795967,
                -5.1576128
              ],
              [
                119.5796107,
                -5.1583756
              ],
              [
                119.5796901,
                -5.1594454
              ],
              [
                119.5792138,
                -5.1604081
              ],
              [
                119.5787141,
                -5.160957
              ],
              [
                119.5771309,
                -5.1619802
              ],
              [
                119.5762623,
                -5.1622779
              ],
              [
                119.5755245,
                -5.1627197
              ],
              [
                119.5749734,
                -5.1631057
              ],
              [
                119.5741328,
                -5.1640918
              ],
              [
                119.5733623,
                -5.1651475
              ],
              [
                119.5728532,
                -5.1658592
              ],
              [
                119.5721714,
                -5.1664126
              ],
              [
                119.5717278,
                -5.1671521
              ],
              [
                119.5713355,
                -5.1678684
              ],
              [
                119.5710086,
                -5.168687
              ],
              [
                119.5702474,
                -5.1691428
              ],
              [
                119.5697057,
                -5.1692963
              ],
              [
                119.5690986,
                -5.1692218
              ],
              [
                119.5687063,
                -5.1705334
              ],
              [
                119.5684588,
                -5.1710218
              ],
              [
                119.5680431,
                -5.1713799
              ],
              [
                119.5675575,
                -5.1716497
              ],
              [
                119.5672165,
                -5.1719938
              ],
              [
                119.5670512,
                -5.1724433
              ],
              [
                119.5670024,
                -5.1726619
              ],
              [
                119.5669415,
                -5.1729049
              ],
              [
                119.5667097,
                -5.1731195
              ],
              [
                119.5663194,
                -5.1729737
              ],
              [
                119.5660267,
                -5.172747
              ],
              [
                119.5657584,
                -5.1725648
              ],
              [
                119.5658397,
                -5.1722287
              ],
              [
                119.5661162,
                -5.1721113
              ],
              [
                119.5664333,
                -5.1718927
              ],
              [
                119.5665187,
                -5.1716173
              ],
              [
                119.566413,
                -5.1714594
              ],
              [
                119.5661568,
                -5.1713663
              ],
              [
                119.5659698,
                -5.1713015
              ],
              [
                119.5657218,
                -5.1711396
              ],
              [
                119.5655958,
                -5.171176
              ],
              [
                119.5655673,
                -5.1714108
              ],
              [
                119.5653763,
                -5.1718886
              ],
              [
                119.5650713,
                -5.1721882
              ],
              [
                119.5650754,
                -5.1723137
              ],
              [
                119.5654047,
                -5.1724838
              ],
              [
                119.5654494,
                -5.1726255
              ],
              [
                119.5653193,
                -5.1727713
              ],
              [
                119.5649575,
                -5.1727308
              ],
              [
                119.5646933,
                -5.1725607
              ],
              [
                119.5646323,
                -5.1721923
              ],
              [
                119.5644859,
                -5.1720384
              ],
              [
                119.5642298,
                -5.1718157
              ],
              [
                119.5640265,
                -5.1718117
              ],
              [
                119.5640021,
                -5.1721315
              ],
              [
                119.5640306,
                -5.1724069
              ],
              [
                119.5642623,
                -5.1725
              ],
              [
                119.5644005,
                -5.1726498
              ],
              [
                119.5643274,
                -5.1728765
              ],
              [
                119.5640509,
                -5.172994
              ],
              [
                119.5638029,
                -5.1730102
              ],
              [
                119.5637257,
                -5.1727591
              ],
              [
                119.5637541,
                -5.1724069
              ],
              [
                119.5636525,
                -5.1722449
              ],
              [
                119.5634858,
                -5.1723178
              ],
              [
                119.5632663,
                -5.1724716
              ],
              [
                119.5629939,
                -5.1725121
              ],
              [
                119.562815,
                -5.1723016
              ],
              [
                119.5628882,
                -5.1719736
              ],
              [
                119.5631403,
                -5.171346
              ],
              [
                119.5630915,
                -5.1710464
              ],
              [
                119.5629126,
                -5.1711598
              ],
              [
                119.5627296,
                -5.1712084
              ],
              [
                119.5625752,
                -5.1711436
              ],
              [
                119.5626971,
                -5.1709857
              ],
              [
                119.5628435,
                -5.1707144
              ],
              [
                119.5626646,
                -5.170601
              ],
              [
                119.5624329,
                -5.1707468
              ],
              [
                119.5621279,
                -5.1707954
              ],
              [
                119.5619409,
                -5.1708845
              ],
              [
                119.5620426,
                -5.1712003
              ],
              [
                119.5619247,
                -5.1713744
              ],
              [
                119.5617092,
                -5.1712691
              ],
              [
                119.5616645,
                -5.1710667
              ],
              [
                119.5616604,
                -5.1708035
              ],
              [
                119.5618637,
                -5.1704027
              ],
              [
                119.5616482,
                -5.1701881
              ],
              [
                119.561449,
                -5.1702083
              ],
              [
                119.5614246,
                -5.1703541
              ],
              [
                119.5614043,
                -5.1705768
              ],
              [
                119.5610791,
                -5.170593
              ],
              [
                119.5606888,
                -5.1704917
              ],
              [
                119.5605424,
                -5.1701597
              ],
              [
                119.5603473,
                -5.170103
              ],
              [
                119.560266,
                -5.1699249
              ],
              [
                119.5604205,
                -5.1698237
              ],
              [
                119.560701,
                -5.1698398
              ],
              [
                119.5607904,
                -5.1694997
              ],
              [
                119.5609571,
                -5.1690827
              ],
              [
                119.5610547,
                -5.1687223
              ],
              [
                119.5608392,
                -5.1685806
              ],
              [
                119.560705,
                -5.1683377
              ],
              [
                119.5604692,
                -5.1683741
              ],
              [
                119.560266,
                -5.1684592
              ],
              [
                119.560083,
                -5.1682932
              ],
              [
                119.5600668,
                -5.1680462
              ],
              [
                119.5604123,
                -5.1678356
              ],
              [
                119.5604286,
                -5.167617
              ],
              [
                119.560205,
                -5.1674996
              ],
              [
                119.5600993,
                -5.1675846
              ],
              [
                119.5599326,
                -5.1677627
              ],
              [
                119.5594569,
                -5.1678073
              ],
              [
                119.5592089,
                -5.1678316
              ],
              [
                119.5589691,
                -5.1680705
              ],
              [
                119.5588552,
                -5.1683822
              ],
              [
                119.5586438,
                -5.168532
              ],
              [
                119.5581031,
                -5.1681838
              ],
              [
                119.5580178,
                -5.1680178
              ],
              [
                119.558278,
                -5.1678194
              ],
              [
                119.558404,
                -5.1675239
              ],
              [
                119.5582617,
                -5.1672242
              ],
              [
                119.5574039,
                -5.1672566
              ],
              [
                119.5574161,
                -5.1668112
              ],
              [
                119.5571884,
                -5.1667384
              ],
              [
                119.5568428,
                -5.1665886
              ],
              [
                119.5567819,
                -5.1662201
              ],
              [
                119.5566233,
                -5.1660662
              ],
              [
                119.556233,
                -5.1661027
              ],
              [
                119.55592,
                -5.1659934
              ],
              [
                119.5554321,
                -5.1658112
              ],
              [
                119.5549239,
                -5.1658678
              ],
              [
                119.5545743,
                -5.165961
              ],
              [
                119.5543385,
                -5.1656735
              ],
              [
                119.5541962,
                -5.165216
              ],
              [
                119.5539035,
                -5.1650702
              ],
              [
                119.5535945,
                -5.1652362
              ],
              [
                119.5533831,
                -5.1651309
              ],
              [
                119.5535362,
                -5.1649642
              ],
              [
                119.5536565,
                -5.1648726
              ],
              [
                119.553876,
                -5.1647739
              ],
              [
                119.5538618,
                -5.1645201
              ],
              [
                119.5538122,
                -5.1642593
              ],
              [
                119.5538618,
                -5.1640901
              ],
              [
                119.5540388,
                -5.1639632
              ],
              [
                119.5542865,
                -5.1639138
              ],
              [
                119.5545626,
                -5.1639138
              ],
              [
                119.5546758,
                -5.1638645
              ],
              [
                119.5548315,
                -5.1637517
              ],
              [
                119.5548457,
                -5.1634556
              ],
              [
                119.5548811,
                -5.1630397
              ],
              [
                119.5546829,
                -5.1629269
              ],
              [
                119.5543573,
                -5.1628775
              ],
              [
                119.5541166,
                -5.1627506
              ],
              [
                119.5540883,
                -5.1626379
              ],
              [
                119.5542016,
                -5.1625039
              ],
              [
                119.5543007,
                -5.16237
              ],
              [
                119.5543007,
                -5.1622219
              ],
              [
                119.5541449,
                -5.1621937
              ],
              [
                119.5539609,
                -5.1622642
              ],
              [
                119.5538547,
                -5.1624334
              ],
              [
                119.5536282,
                -5.1626308
              ],
              [
                119.5534442,
                -5.162652
              ],
              [
                119.5533026,
                -5.1627788
              ],
              [
                119.5531469,
                -5.1626731
              ],
              [
                119.5531823,
                -5.1624898
              ],
              [
                119.5532601,
                -5.1623136
              ],
              [
                119.553161,
                -5.1621091
              ],
              [
                119.5530619,
                -5.161806
              ],
              [
                119.5530124,
                -5.1616791
              ],
              [
                119.552885,
                -5.1615593
              ],
              [
                119.5527009,
                -5.1614606
              ],
              [
                119.5524532,
                -5.1612914
              ],
              [
                119.5520356,
                -5.1611081
              ],
              [
                119.5517383,
                -5.1612068
              ],
              [
                119.5512853,
                -5.1614888
              ],
              [
                119.5510658,
                -5.1614183
              ],
              [
                119.5508818,
                -5.1611715
              ],
              [
                119.5506482,
                -5.1610658
              ],
              [
                119.5504146,
                -5.1609812
              ],
              [
                119.5503297,
                -5.1606639
              ],
              [
                119.5501589,
                -5.1604435
              ],
              [
                119.5499202,
                -5.1603046
              ],
              [
                119.5497566,
                -5.1602031
              ],
              [
                119.5497002,
                -5.1601016
              ],
              [
                119.5496842,
                -5.159944
              ],
              [
                119.5496171,
                -5.1598638
              ],
              [
                119.5495313,
                -5.1598478
              ],
              [
                119.549263,
                -5.1599306
              ],
              [
                119.5488902,
                -5.1599493
              ],
              [
                119.5482787,
                -5.1598425
              ],
              [
                119.5480051,
                -5.1596982
              ],
              [
                119.5476913,
                -5.159578
              ],
              [
                119.5474713,
                -5.1594578
              ],
              [
                119.5471173,
                -5.1595593
              ],
              [
                119.5466747,
                -5.1597463
              ],
              [
                119.5466693,
                -5.1598238
              ],
              [
                119.5467284,
                -5.1599279
              ],
              [
                119.5467418,
                -5.1600428
              ],
              [
                119.546641,
                -5.1601379
              ],
              [
                119.5464636,
                -5.1601239
              ],
              [
                119.5462114,
                -5.1598634
              ],
              [
                119.5456743,
                -5.1609983
              ],
              [
                119.5455016,
                -5.1619471
              ],
              [
                119.5453941,
                -5.1624773
              ],
              [
                119.5455763,
                -5.1628959
              ],
              [
                119.5457631,
                -5.1633657
              ],
              [
                119.5455591,
                -5.1632959
              ],
              [
                119.5451575,
                -5.1633517
              ],
              [
                119.5442655,
                -5.1640587
              ],
              [
                119.5436351,
                -5.1645471
              ],
              [
                119.5425703,
                -5.1647098
              ],
              [
                119.5417297,
                -5.1650587
              ],
              [
                119.540721,
                -5.1656493
              ],
              [
                119.5404548,
                -5.1652633
              ],
              [
                119.5397683,
                -5.1646912
              ],
              [
                119.5394228,
                -5.1640819
              ],
              [
                119.539348,
                -5.1639982
              ],
              [
                119.5392406,
                -5.1640122
              ],
              [
                119.5377337,
                -5.165361
              ],
              [
                119.5369258,
                -5.1656912
              ],
              [
                119.5360806,
                -5.1661842
              ],
              [
                119.535324,
                -5.1661191
              ],
              [
                119.5339697,
                -5.16564
              ],
              [
                119.5338109,
                -5.1659796
              ],
              [
                119.5331758,
                -5.1658865
              ],
              [
                119.5318822,
                -5.1656214
              ],
              [
                119.5314573,
                -5.1662168
              ],
              [
                119.5311911,
                -5.1665144
              ],
              [
                119.5309529,
                -5.1672633
              ],
              [
                119.5305328,
                -5.1672509
              ],
              [
                119.5296825,
                -5.1671
              ],
              [
                119.5292007,
                -5.1670186
              ],
              [
                119.5289554,
                -5.1665533
              ],
              [
                119.5291041,
                -5.1661515
              ],
              [
                119.5287289,
                -5.1660105
              ],
              [
                119.527653,
                -5.1656298
              ],
              [
                119.5266549,
                -5.1647134
              ],
              [
                119.5254822,
                -5.1639476
              ],
              [
                119.5250228,
                -5.1639111
              ],
              [
                119.5246854,
                -5.1641662
              ],
              [
                119.5245675,
                -5.1642431
              ],
              [
                119.5241284,
                -5.1638018
              ],
              [
                119.5239942,
                -5.1638018
              ],
              [
                119.5237706,
                -5.1640447
              ],
              [
                119.5236934,
                -5.1642634
              ],
              [
                119.523238,
                -5.164065
              ],
              [
                119.5234657,
                -5.163567
              ],
              [
                119.5232137,
                -5.1635062
              ],
              [
                119.5231933,
                -5.1632228
              ],
              [
                119.5229169,
                -5.1630932
              ],
              [
                119.5225916,
                -5.1631418
              ],
              [
                119.5220916,
                -5.1631054
              ],
              [
                119.5209776,
                -5.1632754
              ],
              [
                119.520376,
                -5.1636479
              ],
              [
                119.5199003,
                -5.1640326
              ],
              [
                119.5196198,
                -5.1637978
              ],
              [
                119.5192376,
                -5.1642391
              ],
              [
                119.5189043,
                -5.1642472
              ],
              [
                119.5183857,
                -5.1650438
              ],
              [
                119.5179829,
                -5.1648382
              ],
              [
                119.5174555,
                -5.1645933
              ],
              [
                119.5169621,
                -5.1643065
              ],
              [
                119.5165933,
                -5.1640841
              ],
              [
                119.5163099,
                -5.1639132
              ],
              [
                119.5159138,
                -5.1637754
              ],
              [
                119.515666,
                -5.1637328
              ],
              [
                119.5153928,
                -5.1637553
              ],
              [
                119.5152194,
                -5.1638488
              ],
              [
                119.5150315,
                -5.1640395
              ],
              [
                119.5149119,
                -5.1643339
              ],
              [
                119.5147934,
                -5.1644977
              ],
              [
                119.5147708,
                -5.1648153
              ],
              [
                119.5143879,
                -5.1653655
              ],
              [
                119.5142778,
                -5.165718
              ],
              [
                119.5141613,
                -5.1658695
              ],
              [
                119.514002,
                -5.1658891
              ],
              [
                119.5138081,
                -5.1658375
              ],
              [
                119.5137008,
                -5.1656666
              ],
              [
                119.513615,
                -5.1651964
              ],
              [
                119.5137652,
                -5.1645553
              ],
              [
                119.5137652,
                -5.1638073
              ],
              [
                119.5138114,
                -5.1632242
              ],
              [
                119.5138296,
                -5.1629952
              ],
              [
                119.5137311,
                -5.162725
              ],
              [
                119.5128924,
                -5.1628131
              ],
              [
                119.5117633,
                -5.1629082
              ],
              [
                119.5111298,
                -5.162873
              ],
              [
                119.5105848,
                -5.1627884
              ],
              [
                119.5102344,
                -5.1629893
              ],
              [
                119.5095584,
                -5.1633841
              ],
              [
                119.5093708,
                -5.1634964
              ],
              [
                119.5087338,
                -5.1638776
              ],
              [
                119.5082631,
                -5.1640855
              ],
              [
                119.5077641,
                -5.1642688
              ],
              [
                119.5072013,
                -5.1639974
              ],
              [
                119.5056441,
                -5.1630563
              ],
              [
                119.5045788,
                -5.1625099
              ],
              [
                119.5040019,
                -5.1623337
              ],
              [
                119.5030463,
                -5.1623196
              ],
              [
                119.5023491,
                -5.1622174
              ],
              [
                119.5016938,
                -5.161966
              ],
              [
                119.5013452,
                -5.1616401
              ],
              [
                119.501254,
                -5.1613088
              ],
              [
                119.5012218,
                -5.1607211
              ],
              [
                119.5007604,
                -5.1595511
              ],
              [
                119.5005298,
                -5.1588031
              ],
              [
                119.5002669,
                -5.1580872
              ],
              [
                119.5001382,
                -5.1578094
              ],
              [
                119.4999236,
                -5.1574461
              ],
              [
                119.4995253,
                -5.1570537
              ],
              [
                119.4994354,
                -5.1569652
              ],
              [
                119.49940054011762,
                -5.1569493698627875
              ],
              [
                119.50598077578913,
                -5.1492724282460145
              ]
            ]
          ],
          [
            [
              [
                119.60751964747534,
                -5.158888642241344
              ],
              [
                119.6060611,
                -5.1588492
              ],
              [
                119.60581130251506,
                -5.1567143850191695
              ],
              [
                119.60751964747534,
                -5.158888642241344
              ]
            ]
          ]
        ]
      }
    },
    {
      "type": "Feature",
      "properties": {
        "KECAMATAN": "Kecamatan Lau",
        "NAMA_KECAMATAN": "Lau",
        "KODE_BPS": "7309050",
        "IBUKOTA": "Maccini Baji",
        "LUAS_KM2": 53.73,
        "PENDUDUK_2023": 27820,
        "LAKI_LAKI": 13790,
        "PEREMPUAN": 14030,
        "RASIO_KELAMIN": 98.3,
        "KEPALA_KELUARGA": 7560,
        "KEPADATAN_KM2": 518,
        "PERTUMBUHAN_PCT": 1.2,
        "DESA_KELURAHAN": 6,
        "SUMBER_DATA": "BPS Maros Dalam Angka 2024",
        "TAHUN_DATA": "2023",
        "KETERANGAN": "Pusat persawahan subur irigasi teknis dan jalur kereta api Trans Sulawesi lintas Maros-Barru.",
        "COLOR": "#e9c46a"
      },
      "geometry": {
        "type": "Polygon",
        "coordinates": [
          [
            [
              119.61326869688385,
              -4.9634626062323
            ],
            [
              119.56560219178081,
              -4.976313869863015
            ],
            [
              119.51526312505712,
              -4.944851953160697
            ],
            [
              119.5152935,
              -4.9447362
            ],
            [
              119.5155242,
              -4.9442686
            ],
            [
              119.5159212,
              -4.9435979
            ],
            [
              119.5161143,
              -4.9433093
            ],
            [
              119.5164254,
              -4.9429285
            ],
            [
              119.516526,
              -4.9428082
            ],
            [
              119.5166051,
              -4.9427481
            ],
            [
              119.5167285,
              -4.9426853
            ],
            [
              119.5168197,
              -4.9426118
            ],
            [
              119.5170021,
              -4.9424114
            ],
            [
              119.5173857,
              -4.9418208
            ],
            [
              119.517855,
              -4.9411688
            ],
            [
              119.5186865,
              -4.9400438
            ],
            [
              119.5190446,
              -4.9397178
            ],
            [
              119.5192518,
              -4.9395514
            ],
            [
              119.5193289,
              -4.9395107
            ],
            [
              119.5193651,
              -4.939498
            ],
            [
              119.5194335,
              -4.9394853
            ],
            [
              119.5194939,
              -4.9394806
            ],
            [
              119.5195469,
              -4.939419
            ],
            [
              119.5195616,
              -4.9393189
            ],
            [
              119.5195489,
              -4.9392294
            ],
            [
              119.5195388,
              -4.9391392
            ],
            [
              119.5195355,
              -4.9389054
            ],
            [
              119.519974,
              -4.9378953
            ],
            [
              119.5200062,
              -4.9375907
            ],
            [
              119.5203817,
              -4.9365592
            ],
            [
              119.520269,
              -4.9364042
            ],
            [
              119.5203495,
              -4.9361263
            ],
            [
              119.5204997,
              -4.9360942
            ],
            [
              119.5207143,
              -4.935346
            ],
            [
              119.5213473,
              -4.9338816
            ],
            [
              119.5211327,
              -4.9338067
            ],
            [
              119.5213245,
              -4.9331387
            ],
            [
              119.5212105,
              -4.932973
            ],
            [
              119.5212057,
              -4.9329128
            ],
            [
              119.5212051,
              -4.9328781
            ],
            [
              119.5214385,
              -4.9320484
            ],
            [
              119.5217228,
              -4.9321285
            ],
            [
              119.522088,
              -4.9312101
            ],
            [
              119.5218784,
              -4.9311345
            ],
            [
              119.5220125,
              -4.9306909
            ],
            [
              119.5218945,
              -4.9305976
            ],
            [
              119.5218301,
              -4.9305466
            ],
            [
              119.5223558,
              -4.9291356
            ],
            [
              119.5229673,
              -4.9293494
            ],
            [
              119.5229995,
              -4.9288523
            ],
            [
              119.5234662,
              -4.9273505
            ],
            [
              119.5229566,
              -4.9269657
            ],
            [
              119.5231551,
              -4.9264259
            ],
            [
              119.5236057,
              -4.9265648
            ],
            [
              119.5242119,
              -4.9249668
            ],
            [
              119.5249253,
              -4.9239406
            ],
            [
              119.5251417,
              -4.9237285
            ],
            [
              119.5246132,
              -4.9233548
            ],
            [
              119.5244104,
              -4.922396
            ],
            [
              119.5239919,
              -4.9223853
            ],
            [
              119.5238954,
              -4.9219417
            ],
            [
              119.5246518,
              -4.9218402
            ],
            [
              119.5244747,
              -4.9212523
            ],
            [
              119.5241046,
              -4.9213057
            ],
            [
              119.5239651,
              -4.9202902
            ],
            [
              119.5238846,
              -4.9196115
            ],
            [
              119.5241582,
              -4.9195473
            ],
            [
              119.52412627867356,
              -4.918945880568473
            ],
            [
              119.57337564053881,
              -4.897839011197655
            ],
            [
              119.5734964,
              -4.8979337
            ],
            [
              119.5739159,
              -4.8986868
            ],
            [
              119.5739337,
              -4.8992553
            ],
            [
              119.5736958,
              -4.8995537
            ],
            [
              119.5722852,
              -4.8994035
            ],
            [
              119.5712739,
              -4.8987643
            ],
            [
              119.5701162,
              -4.8997071
            ],
            [
              119.5698388,
              -4.900748
            ],
            [
              119.5698997,
              -4.9019967
            ],
            [
              119.5706292,
              -4.9028314
            ],
            [
              119.5725978,
              -4.9036878
            ],
            [
              119.5741161,
              -4.9047296
            ],
            [
              119.5755339,
              -4.90481
            ],
            [
              119.5765488,
              -4.9039503
            ],
            [
              119.5768994,
              -4.9037292
            ],
            [
              119.5769829,
              -4.9036782
            ],
            [
              119.5766598,
              -4.9031337
            ],
            [
              119.5764345,
              -4.9024923
            ],
            [
              119.5762306,
              -4.9014341
            ],
            [
              119.5760322,
              -4.9006644
            ],
            [
              119.576,
              -4.899852
            ],
            [
              119.5764398,
              -4.8992641
            ],
            [
              119.5771265,
              -4.8989006
            ],
            [
              119.5778775,
              -4.8986227
            ],
            [
              119.5785642,
              -4.8983127
            ],
            [
              119.5794546,
              -4.8982379
            ],
            [
              119.5801306,
              -4.8987937
            ],
            [
              119.5802486,
              -4.8996703
            ],
            [
              119.5800769,
              -4.9006537
            ],
            [
              119.5794332,
              -4.9016158
            ],
            [
              119.5789075,
              -4.9025565
            ],
            [
              119.5787465,
              -4.9030589
            ],
            [
              119.5787674,
              -4.9036721
            ],
            [
              119.5793343,
              -4.9047449
            ],
            [
              119.5804358,
              -4.9051114
            ],
            [
              119.5833618,
              -4.9041492
            ],
            [
              119.5850342,
              -4.9036412
            ],
            [
              119.5855551,
              -4.9032494
            ],
            [
              119.5859575,
              -4.902401
            ],
            [
              119.58577,
              -4.9010152
            ],
            [
              119.5857667,
              -4.8993149
            ],
            [
              119.586048,
              -4.89777
            ],
            [
              119.5863368,
              -4.8966628
            ],
            [
              119.5868522,
              -4.8960544
            ],
            [
              119.587428,
              -4.8956187
            ],
            [
              119.5880852,
              -4.8956016
            ],
            [
              119.5882169,
              -4.8955982
            ],
            [
              119.5888964,
              -4.8957317
            ],
            [
              119.5904844,
              -4.8960109
            ],
            [
              119.5910748,
              -4.8962006
            ],
            [
              119.591276,
              -4.896309
            ],
            [
              119.5913538,
              -4.8966147
            ],
            [
              119.5911946,
              -4.8972152
            ],
            [
              119.590723,
              -4.89777
            ],
            [
              119.5902192,
              -4.8986542
            ],
            [
              119.5903146,
              -4.8993573
            ],
            [
              119.5908465,
              -4.9000551
            ],
            [
              119.5916156,
              -4.9012002
            ],
            [
              119.5923921,
              -4.9018355
            ],
            [
              119.5934072,
              -4.9022555
            ],
            [
              119.5937699,
              -4.902693
            ],
            [
              119.5940586,
              -4.9034397
            ],
            [
              119.5942474,
              -4.9043117
            ],
            [
              119.5944254,
              -4.9046193
            ],
            [
              119.5948212,
              -4.9048472
            ],
            [
              119.5964082,
              -4.9049992
            ],
            [
              119.5970001,
              -4.9052669
            ],
            [
              119.5971339,
              -4.905481
            ],
            [
              119.5972685,
              -4.9054446
            ],
            [
              119.5974563,
              -4.9053912
            ],
            [
              119.5977406,
              -4.905279
            ],
            [
              119.5980222,
              -4.9050999
            ],
            [
              119.598218,
              -4.9049796
            ],
            [
              119.5983521,
              -4.9048701
            ],
            [
              119.5984996,
              -4.9046777
            ],
            [
              119.5986096,
              -4.9045173
            ],
            [
              119.5987598,
              -4.9042501
            ],
            [
              119.5988135,
              -4.9040737
            ],
            [
              119.5988269,
              -4.9039107
            ],
            [
              119.5987893,
              -4.9037824
            ],
            [
              119.5987223,
              -4.9036782
            ],
            [
              119.5986016,
              -4.903582
            ],
            [
              119.5980034,
              -4.9034724
            ],
            [
              119.5972926,
              -4.9033789
            ],
            [
              119.596842,
              -4.9031891
            ],
            [
              119.5965094,
              -4.9029887
            ],
            [
              119.5962466,
              -4.9027696
            ],
            [
              119.5958979,
              -4.9023393
            ],
            [
              119.5957718,
              -4.902187
            ],
            [
              119.595678,
              -4.9019866
            ],
            [
              119.5956297,
              -4.9017327
            ],
            [
              119.5956002,
              -4.9013292
            ],
            [
              119.5955921,
              -4.901102
            ],
            [
              119.5956806,
              -4.9009042
            ],
            [
              119.5957987,
              -4.9006637
            ],
            [
              119.5959435,
              -4.9005248
            ],
            [
              119.596083,
              -4.9004767
            ],
            [
              119.5961849,
              -4.9004633
            ],
            [
              119.5963297,
              -4.9004927
            ],
            [
              119.5965014,
              -4.9005862
            ],
            [
              119.5967535,
              -4.9007439
            ],
            [
              119.5970405,
              -4.9009229
            ],
            [
              119.5973409,
              -4.9010886
            ],
            [
              119.5975716,
              -4.9012543
            ],
            [
              119.5979364,
              -4.9014521
            ],
            [
              119.5982126,
              -4.9015536
            ],
            [
              119.5985506,
              -4.9016231
            ],
            [
              119.5987115,
              -4.9016498
            ],
            [
              119.5988966,
              -4.9016632
            ],
            [
              119.5991702,
              -4.9016579
            ],
            [
              119.5994062,
              -4.9016285
            ],
            [
              119.5995645,
              -4.9015857
            ],
            [
              119.5998086,
              -4.9015055
            ],
            [
              119.5999668,
              -4.9014173
            ],
            [
              119.6001009,
              -4.9013158
            ],
            [
              119.6001975,
              -4.9012036
            ],
            [
              119.6002699,
              -4.9009711
            ],
            [
              119.6003101,
              -4.9007225
            ],
            [
              119.6003262,
              -4.9005675
            ],
            [
              119.6002887,
              -4.9003831
            ],
            [
              119.6001787,
              -4.9001373
            ],
            [
              119.6000956,
              -4.8998994
            ],
            [
              119.600007,
              -4.8997311
            ],
            [
              119.5998917,
              -4.8996215
            ],
            [
              119.5997576,
              -4.8995493
            ],
            [
              119.5995055,
              -4.8994798
            ],
            [
              119.5991058,
              -4.8993623
            ],
            [
              119.5986338,
              -4.8992661
            ],
            [
              119.5982368,
              -4.8991592
            ],
            [
              119.5977513,
              -4.898948
            ],
            [
              119.5976172,
              -4.8988572
            ],
            [
              119.5974429,
              -4.8987155
            ],
            [
              119.5973812,
              -4.8985953
            ],
            [
              119.5973865,
              -4.8984269
            ],
            [
              119.5974241,
              -4.8982746
            ],
            [
              119.5974831,
              -4.8981624
            ],
            [
              119.5976252,
              -4.8981089
            ],
            [
              119.5977969,
              -4.8980955
            ],
            [
              119.598041,
              -4.8980875
            ],
            [
              119.5982663,
              -4.8980314
            ],
            [
              119.5985667,
              -4.8979245
            ],
            [
              119.5990093,
              -4.8976974
            ],
            [
              119.5993231,
              -4.8975183
            ],
            [
              119.5996691,
              -4.8972911
            ],
            [
              119.5998998,
              -4.8971094
            ],
            [
              119.6002538,
              -4.8967246
            ],
            [
              119.6005676,
              -4.8965375
            ],
            [
              119.6009995,
              -4.8962462
            ],
            [
              119.6012248,
              -4.8960511
            ],
            [
              119.6014903,
              -4.895824
            ],
            [
              119.6017344,
              -4.8956155
            ],
            [
              119.6019758,
              -4.8954579
            ],
            [
              119.6022145,
              -4.895367
            ],
            [
              119.6026222,
              -4.8953002
            ],
            [
              119.6028904,
              -4.8953162
            ],
            [
              119.6030809,
              -4.8953136
            ],
            [
              119.6033062,
              -4.8952361
            ],
            [
              119.6035341,
              -4.8951265
            ],
            [
              119.6036072,
              -4.8950364
            ],
            [
              119.6036468,
              -4.8949875
            ],
            [
              119.6037353,
              -4.8947871
            ],
            [
              119.6037675,
              -4.8946401
            ],
            [
              119.6037782,
              -4.8944931
            ],
            [
              119.6037139,
              -4.8943969
            ],
            [
              119.6035905,
              -4.8942927
            ],
            [
              119.6033947,
              -4.8942125
            ],
            [
              119.6029762,
              -4.8942045
            ],
            [
              119.6025846,
              -4.8941965
            ],
            [
              119.6022091,
              -4.8943301
            ],
            [
              119.6018149,
              -4.894437
            ],
            [
              119.6013723,
              -4.8944156
            ],
            [
              119.6010209,
              -4.8942686
            ],
            [
              119.6007098,
              -4.8940602
            ],
            [
              119.6004228,
              -4.8937769
            ],
            [
              119.6002779,
              -4.8936112
            ],
            [
              119.6000446,
              -4.8933066
            ],
            [
              119.5998086,
              -4.8928923
            ],
            [
              119.5996852,
              -4.8926117
            ],
            [
              119.5997093,
              -4.8924273
            ],
            [
              119.5998247,
              -4.8922857
            ],
            [
              119.5999293,
              -4.8921307
            ],
            [
              119.6000687,
              -4.8919944
            ],
            [
              119.6001868,
              -4.8919062
            ],
            [
              119.600337,
              -4.8918928
            ],
            [
              119.6005193,
              -4.8919543
            ],
            [
              119.6007017,
              -4.8920933
            ],
            [
              119.6008439,
              -4.8923365
            ],
            [
              119.6009324,
              -4.892585
            ],
            [
              119.6011067,
              -4.8929591
            ],
            [
              119.6012811,
              -4.8932611
            ],
            [
              119.6015359,
              -4.8935364
            ],
            [
              119.6016807,
              -4.8936032
            ],
            [
              119.6018336,
              -4.8936139
            ],
            [
              119.6019731,
              -4.8936059
            ],
            [
              119.6021206,
              -4.8935123
            ],
            [
              119.6022091,
              -4.8934161
            ],
            [
              119.602818,
              -4.8927854
            ],
            [
              119.6031077,
              -4.8925075
            ],
            [
              119.6033437,
              -4.8922697
            ],
            [
              119.6034295,
              -4.8920959
            ],
            [
              119.6034725,
              -4.891965
            ],
            [
              119.6034805,
              -4.8918608
            ],
            [
              119.6034859,
              -4.8917459
            ],
            [
              119.6034456,
              -4.8916176
            ],
            [
              119.6034027,
              -4.891524
            ],
            [
              119.6033679,
              -4.8914198
            ],
            [
              119.603215,
              -4.8912381
            ],
            [
              119.6030031,
              -4.8910296
            ],
            [
              119.6027724,
              -4.8908586
            ],
            [
              119.6025739,
              -4.8907063
            ],
            [
              119.6023674,
              -4.8905914
            ],
            [
              119.6022386,
              -4.8905085
            ],
            [
              119.6021555,
              -4.8903963
            ],
            [
              119.6021314,
              -4.8902439
            ],
            [
              119.6021662,
              -4.8900863
            ],
            [
              119.6022091,
              -4.8899473
            ],
            [
              119.6023057,
              -4.8898003
            ],
            [
              119.6024103,
              -4.8896426
            ],
            [
              119.6025444,
              -4.8893701
            ],
            [
              119.6026276,
              -4.8891135
            ],
            [
              119.6027,
              -4.8889211
            ],
            [
              119.6027295,
              -4.8887928
            ],
            [
              119.6027483,
              -4.8886244
            ],
            [
              119.6027536,
              -4.8884748
            ],
            [
              119.6027214,
              -4.8883305
            ],
            [
              119.6027,
              -4.8881648
            ],
            [
              119.6027107,
              -4.8880552
            ],
            [
              119.6027617,
              -4.8879483
            ],
            [
              119.6028931,
              -4.8877746
            ],
            [
              119.6030701,
              -4.8875341
            ],
            [
              119.6031452,
              -4.8874218
            ],
            [
              119.6032632,
              -4.8872882
            ],
            [
              119.6033759,
              -4.8870798
            ],
            [
              119.6035181,
              -4.8869381
            ],
            [
              119.6036629,
              -4.8869141
            ],
            [
              119.603789,
              -4.8869408
            ],
            [
              119.6039231,
              -4.8869996
            ],
            [
              119.6039848,
              -4.8870423
            ],
            [
              119.6040438,
              -4.8871305
            ],
            [
              119.6040518,
              -4.8872775
            ],
            [
              119.604033,
              -4.8874405
            ],
            [
              119.6039633,
              -4.8876624
            ],
            [
              119.6039392,
              -4.8878441
            ],
            [
              119.6039231,
              -4.887975
            ],
            [
              119.6038882,
              -4.8881648
            ],
            [
              119.6038614,
              -4.888253
            ],
            [
              119.6037729,
              -4.8884053
            ],
            [
              119.6036575,
              -4.8886405
            ],
            [
              119.6035395,
              -4.8889131
            ],
            [
              119.6034644,
              -4.8891429
            ],
            [
              119.6034403,
              -4.8893139
            ],
            [
              119.6034537,
              -4.8894636
            ],
            [
              119.6035073,
              -4.8896907
            ],
            [
              119.6035717,
              -4.8898244
            ],
            [
              119.6037434,
              -4.8899981
            ],
            [
              119.6038211,
              -4.8900382
            ],
            [
              119.6039338,
              -4.8900382
            ],
            [
              119.6040438,
              -4.8900248
            ],
            [
              119.6041564,
              -4.8899366
            ],
            [
              119.6043039,
              -4.8897522
            ],
            [
              119.6044515,
              -4.8896026
            ],
            [
              119.6045748,
              -4.8894983
            ],
            [
              119.6047787,
              -4.8893941
            ],
            [
              119.6050067,
              -4.8893353
            ],
            [
              119.6052132,
              -4.889338
            ],
            [
              119.6054251,
              -4.889354
            ],
            [
              119.6055968,
              -4.8894048
            ],
            [
              119.6057067,
              -4.8894636
            ],
            [
              119.6058167,
              -4.8895491
            ],
            [
              119.6059481,
              -4.889672
            ],
            [
              119.606042,
              -4.8897469
            ],
            [
              119.6061815,
              -4.8898057
            ],
            [
              119.6062888,
              -4.8898511
            ],
            [
              119.6064148,
              -4.8898404
            ],
            [
              119.6065248,
              -4.889827
            ],
            [
              119.6066562,
              -4.8897896
            ],
            [
              119.606726,
              -4.8896907
            ],
            [
              119.6068172,
              -4.8895545
            ],
            [
              119.6068842,
              -4.8894075
            ],
            [
              119.6069593,
              -4.8892765
            ],
            [
              119.607021,
              -4.8891482
            ],
            [
              119.6070827,
              -4.88906
            ],
            [
              119.6071122,
              -4.8889906
            ],
            [
              119.6071364,
              -4.8889104
            ],
            [
              119.6071766,
              -4.8887527
            ],
            [
              119.6072222,
              -4.8886966
            ],
            [
              119.6072812,
              -4.8886725
            ],
            [
              119.6073751,
              -4.8886779
            ],
            [
              119.6074663,
              -4.8887607
            ],
            [
              119.6075575,
              -4.8888756
            ],
            [
              119.6077425,
              -4.8890707
            ],
            [
              119.6079035,
              -4.889191
            ],
            [
              119.6081046,
              -4.8892765
            ],
            [
              119.6081878,
              -4.8893086
            ],
            [
              119.6083192,
              -4.8893113
            ],
            [
              119.6084292,
              -4.8893086
            ],
            [
              119.6085418,
              -4.8892765
            ],
            [
              119.6086491,
              -4.8892551
            ],
            [
              119.6087537,
              -4.8892658
            ],
            [
              119.6088208,
              -4.8893032
            ],
            [
              119.608861,
              -4.8894021
            ],
            [
              119.6089281,
              -4.8895384
            ],
            [
              119.608971,
              -4.889664
            ],
            [
              119.6090166,
              -4.889787
            ],
            [
              119.609089,
              -4.8899045
            ],
            [
              119.6091829,
              -4.8900301
            ],
            [
              119.6092553,
              -4.8900809
            ],
            [
              119.609384,
              -4.8901076
            ],
            [
              119.6094806,
              -4.8900916
            ],
            [
              119.609553,
              -4.8900462
            ],
            [
              119.6095986,
              -4.88995
            ],
            [
              119.6096576,
              -4.889827
            ],
            [
              119.6097327,
              -4.8896667
            ],
            [
              119.6097837,
              -4.8895598
            ],
            [
              119.6098588,
              -4.8894422
            ],
            [
              119.6099983,
              -4.8893219
            ],
            [
              119.6101082,
              -4.889215
            ],
            [
              119.610304,
              -4.8891242
            ],
            [
              119.6104408,
              -4.8890707
            ],
            [
              119.6105937,
              -4.8890547
            ],
            [
              119.6107305,
              -4.8890707
            ],
            [
              119.6108754,
              -4.8891135
            ],
            [
              119.6109853,
              -4.8891402
            ],
            [
              119.6110497,
              -4.8892338
            ],
            [
              119.6110765,
              -4.8893433
            ],
            [
              119.6111248,
              -4.8894582
            ],
            [
              119.6111919,
              -4.8894796
            ],
            [
              119.6113018,
              -4.8894315
            ],
            [
              119.6113823,
              -4.8893487
            ],
            [
              119.6114708,
              -4.8892231
            ],
            [
              119.6115057,
              -4.8891242
            ],
            [
              119.6115379,
              -4.8889906
            ],
            [
              119.6115379,
              -4.8889104
            ],
            [
              119.6115084,
              -4.8888436
            ],
            [
              119.6113421,
              -4.8888195
            ],
            [
              119.6111489,
              -4.8888302
            ],
            [
              119.6110631,
              -4.8887741
            ],
            [
              119.6109478,
              -4.8886939
            ],
            [
              119.610878,
              -4.888587
            ],
            [
              119.6108378,
              -4.8884775
            ],
            [
              119.6108539,
              -4.8883278
            ],
            [
              119.6108995,
              -4.8882075
            ],
            [
              119.6109987,
              -4.8880873
            ],
            [
              119.6111516,
              -4.8880552
            ],
            [
              119.6113716,
              -4.8879911
            ],
            [
              119.6115754,
              -4.887959
            ],
            [
              119.6116881,
              -4.8879456
            ],
            [
              119.6117927,
              -4.8879403
            ],
            [
              119.6118316,
              -4.887957
            ],
            [
              119.6118852,
              -4.8879664
            ],
            [
              119.6119376,
              -4.8879717
            ],
            [
              119.6119872,
              -4.8879891
            ],
            [
              119.6120314,
              -4.8880252
            ],
            [
              119.6120663,
              -4.8880799
            ],
            [
              119.6120328,
              -4.8881174
            ],
            [
              119.6119818,
              -4.8881601
            ],
            [
              119.6119188,
              -4.8881882
            ],
            [
              119.6118692,
              -4.8882269
            ],
            [
              119.6118544,
              -4.8882697
            ],
            [
              119.6118651,
              -4.8883178
            ],
            [
              119.611904,
              -4.8883552
            ],
            [
              119.6119617,
              -4.8883739
            ],
            [
              119.6120489,
              -4.8884193
            ],
            [
              119.6121213,
              -4.8884688
            ],
            [
              119.6121857,
              -4.8885396
            ],
            [
              119.6122286,
              -4.8886331
            ],
            [
              119.6122272,
              -4.8887481
            ],
            [
              119.6122487,
              -4.8888683
            ],
            [
              119.6122769,
              -4.8889538
            ],
            [
              119.6123546,
              -4.8890233
            ],
            [
              119.6124499,
              -4.8890687
            ],
            [
              119.6125317,
              -4.8891048
            ],
            [
              119.612596,
              -4.8891583
            ],
            [
              119.6126939,
              -4.8892157
            ],
            [
              119.6127972,
              -4.8892678
            ],
            [
              119.612883,
              -4.8892892
            ],
            [
              119.612942,
              -4.8892745
            ],
            [
              119.6129957,
              -4.8892425
            ],
            [
              119.6130292,
              -4.8892024
            ],
            [
              119.6130641,
              -4.8891569
            ],
            [
              119.6132827,
              -4.8894295
            ],
            [
              119.6154928,
              -4.8912468
            ],
            [
              119.6168232,
              -4.8919095
            ],
            [
              119.619677,
              -4.893684
            ],
            [
              119.6203422,
              -4.8943468
            ],
            [
              119.6223797,
              -4.8965117
            ],
            [
              119.6236092,
              -4.8977675
            ],
            [
              119.624843,
              -4.8991037
            ],
            [
              119.6255887,
              -4.9000123
            ],
            [
              119.6266884,
              -4.9009744
            ],
            [
              119.6274072,
              -4.9017066
            ],
            [
              119.6279919,
              -4.9021823
            ],
            [
              119.6282494,
              -4.9023694
            ],
            [
              119.6282494,
              -4.9025458
            ],
            [
              119.6280245,
              -4.9028449
            ],
            [
              119.6276181,
              -4.9035101
            ],
            [
              119.6274313,
              -4.9042917
            ],
            [
              119.6284961,
              -4.9057993
            ],
            [
              119.6311837,
              -4.9073347
            ],
            [
              119.6334153,
              -4.9087377
            ],
            [
              119.6339142,
              -4.9087778
            ],
            [
              119.6340269,
              -4.908751
            ],
            [
              119.6343702,
              -4.9084036
            ],
            [
              119.6351695,
              -4.9081097
            ],
            [
              119.6363497,
              -4.9084143
            ],
            [
              119.6371543,
              -4.9085159
            ],
            [
              119.6376961,
              -4.9085693
            ],
            [
              119.6379483,
              -4.908425
            ],
            [
              119.638533,
              -4.9085747
            ],
            [
              119.6392035,
              -4.9089648
            ],
            [
              119.6401128,
              -4.9097318
            ],
            [
              119.64012909363423,
              -4.909741812731556
            ],
            [
              119.61326869688385,
              -4.9634626062323
            ]
          ]
        ]
      }
    },
    {
      "type": "Feature",
      "properties": {
        "KECAMATAN": "Kecamatan Bantimurung",
        "NAMA_KECAMATAN": "Bantimurung",
        "KODE_BPS": "7309070",
        "IBUKOTA": "Kalabbirang",
        "LUAS_KM2": 173.29,
        "PENDUDUK_2023": 32680,
        "LAKI_LAKI": 16290,
        "PEREMPUAN": 16390,
        "RASIO_KELAMIN": 99.4,
        "KEPALA_KELUARGA": 8890,
        "KEPADATAN_KM2": 189,
        "PERTUMBUHAN_PCT": 1.1,
        "DESA_KELURAHAN": 8,
        "SUMBER_DATA": "BPS Maros Dalam Angka 2024",
        "TAHUN_DATA": "2023",
        "KETERANGAN": "Taman Wisata Alam Bantimurung: air terjun alami dan 'Kingdom of Butterfly'. Goa kars Leang-Leang prasejarah >45.500 tahun.",
        "COLOR": "#1d3557"
      },
      "geometry": {
        "type": "Polygon",
        "coordinates": [
          [
            [
              119.64012909363423,
              -4.909741812731556
            ],
            [
              119.6409738,
              -4.9102609
            ],
            [
              119.6411213,
              -4.91044
            ],
            [
              119.6410489,
              -4.9106057
            ],
            [
              119.6407056,
              -4.9160145
            ],
            [
              119.6414673,
              -4.9172972
            ],
            [
              119.64504,
              -4.9201513
            ],
            [
              119.6461558,
              -4.9209316
            ],
            [
              119.6479368,
              -4.9212416
            ],
            [
              119.648838,
              -4.9222357
            ],
            [
              119.6493208,
              -4.9228129
            ],
            [
              119.6493959,
              -4.9230908
            ],
            [
              119.6510696,
              -4.924117
            ],
            [
              119.6516597,
              -4.9240742
            ],
            [
              119.6520674,
              -4.9238391
            ],
            [
              119.6525717,
              -4.9235291
            ],
            [
              119.6530545,
              -4.9235077
            ],
            [
              119.6534622,
              -4.9231977
            ],
            [
              119.653784,
              -4.9229519
            ],
            [
              119.6540844,
              -4.9228129
            ],
            [
              119.6546101,
              -4.9229733
            ],
            [
              119.6550178,
              -4.9230801
            ],
            [
              119.6555543,
              -4.9227595
            ],
            [
              119.6560907,
              -4.9223533
            ],
            [
              119.6564555,
              -4.9221395
            ],
            [
              119.656831,
              -4.9222143
            ],
            [
              119.6576357,
              -4.9223747
            ],
            [
              119.658215,
              -4.9225884
            ],
            [
              119.6588373,
              -4.9225243
            ],
            [
              119.6592772,
              -4.9224709
            ],
            [
              119.6599209,
              -4.9224067
            ],
            [
              119.6602321,
              -4.9225029
            ],
            [
              119.6607149,
              -4.9227915
            ],
            [
              119.6613264,
              -4.9232832
            ],
            [
              119.6614873,
              -4.9238498
            ],
            [
              119.6624315,
              -4.9246835
            ],
            [
              119.6632147,
              -4.9259876
            ],
            [
              119.663279,
              -4.9265328
            ],
            [
              119.664191,
              -4.9274948
            ],
            [
              119.6646524,
              -4.9276284
            ],
            [
              119.6651137,
              -4.927762
            ],
            [
              119.6660006,
              -4.9280397
            ],
            [
              119.6675992,
              -4.9292368
            ],
            [
              119.6689618,
              -4.9307333
            ],
            [
              119.6697664,
              -4.9320588
            ],
            [
              119.670099,
              -4.9324543
            ],
            [
              119.6700976,
              -4.9332863
            ],
            [
              119.6698294,
              -4.9347507
            ],
            [
              119.6692929,
              -4.9356485
            ],
            [
              119.6692607,
              -4.9367923
            ],
            [
              119.6689603,
              -4.9377115
            ],
            [
              119.6685634,
              -4.9382246
            ],
            [
              119.6684883,
              -4.9390583
            ],
            [
              119.6689711,
              -4.9399776
            ],
            [
              119.6690569,
              -4.9406724
            ],
            [
              119.6690891,
              -4.9414313
            ],
            [
              119.6689603,
              -4.9422543
            ],
            [
              119.6691105,
              -4.9428636
            ],
            [
              119.6690247,
              -4.9433446
            ],
            [
              119.6688101,
              -4.9436546
            ],
            [
              119.6688316,
              -4.944018
            ],
            [
              119.6692929,
              -4.9447021
            ],
            [
              119.6693144,
              -4.9453007
            ],
            [
              119.6695182,
              -4.9459634
            ],
            [
              119.6684346,
              -4.9478981
            ],
            [
              119.667469,
              -4.9479943
            ],
            [
              119.6670721,
              -4.9483043
            ],
            [
              119.6666965,
              -4.9488815
            ],
            [
              119.6671042,
              -4.9491701
            ],
            [
              119.6674368,
              -4.9498541
            ],
            [
              119.6687565,
              -4.9506451
            ],
            [
              119.6697211,
              -4.9507887
            ],
            [
              119.6702776,
              -4.9510565
            ],
            [
              119.6715224,
              -4.9516582
            ],
            [
              119.6729582,
              -4.9521984
            ],
            [
              119.673864,
              -4.9526404
            ],
            [
              119.6762117,
              -4.9526527
            ],
            [
              119.6787444,
              -4.952579
            ],
            [
              119.6793421,
              -4.9523519
            ],
            [
              119.6801863,
              -4.9521677
            ],
            [
              119.6805252,
              -4.9519528
            ],
            [
              119.6809381,
              -4.9514003
            ],
            [
              119.6815728,
              -4.950989
            ],
            [
              119.6821951,
              -4.9504242
            ],
            [
              119.6825032,
              -4.9502093
            ],
            [
              119.6829839,
              -4.9502155
            ],
            [
              119.6849982,
              -4.9487492
            ],
            [
              119.6856494,
              -4.948453
            ],
            [
              119.6872916,
              -4.9484248
            ],
            [
              119.688594,
              -4.9484812
            ],
            [
              119.6904203,
              -4.9478183
            ],
            [
              119.6929968,
              -4.947099
            ],
            [
              119.6946248,
              -4.9465771
            ],
            [
              119.6978243,
              -4.9456886
            ],
            [
              119.7002026,
              -4.9445885
            ],
            [
              119.7014701,
              -4.9448556
            ],
            [
              119.7024683,
              -4.944475
            ],
            [
              119.7045018,
              -4.9446224
            ],
            [
              119.7059807,
              -4.9444873
            ],
            [
              119.7098418,
              -4.9442506
            ],
            [
              119.7137979,
              -4.9428863
            ],
            [
              119.7152999,
              -4.9423305
            ],
            [
              119.7184367,
              -4.9416681
            ],
            [
              119.7223681,
              -4.9410664
            ],
            [
              119.7243277,
              -4.9399614
            ],
            [
              119.7314635,
              -4.9368454
            ],
            [
              119.73476250903258,
              -4.936639956643607
            ],
            [
              119.71105769230769,
              -5.0504230769230745
            ],
            [
              119.7076581027668,
              -5.052598814229241
            ],
            [
              119.61768176470588,
              -4.99636360294118
            ],
            [
              119.61326869688385,
              -4.9634626062323
            ],
            [
              119.64012909363423,
              -4.909741812731556
            ]
          ]
        ]
      }
    },
    {
      "type": "Feature",
      "properties": {
        "KECAMATAN": "Kecamatan Maros Baru",
        "NAMA_KECAMATAN": "Maros Baru",
        "KODE_BPS": "7309040",
        "IBUKOTA": "Baju Bodoa",
        "LUAS_KM2": 53.76,
        "PENDUDUK_2023": 28710,
        "LAKI_LAKI": 14230,
        "PEREMPUAN": 14480,
        "RASIO_KELAMIN": 98.3,
        "KEPALA_KELUARGA": 7900,
        "KEPADATAN_KM2": 534,
        "PERTUMBUHAN_PCT": 1.4,
        "DESA_KELURAHAN": 7,
        "SUMBER_DATA": "BPS Maros Dalam Angka 2024",
        "TAHUN_DATA": "2023",
        "KETERANGAN": "Muara Sungai Maros, penghasil bandeng dan tambak pesisir. Terdapat pelabuhan tradisional.",
        "COLOR": "#f4a261"
      },
      "geometry": {
        "type": "Polygon",
        "coordinates": [
          [
            [
              119.56560219178081,
              -4.976313869863015
            ],
            [
              119.53730324675324,
              -5.031710389610392
            ],
            [
              119.48811320754719,
              -5.042641509433967
            ],
            [
              119.47703930906478,
              -5.040085994399565
            ],
            [
              119.477005,
              -5.0396362
            ],
            [
              119.4764337,
              -5.0380117
            ],
            [
              119.4762352,
              -5.0372102
            ],
            [
              119.4762996,
              -5.0368548
            ],
            [
              119.4762835,
              -5.0357353
            ],
            [
              119.4763103,
              -5.0353906
            ],
            [
              119.4765195,
              -5.0344368
            ],
            [
              119.4769943,
              -5.03441
            ],
            [
              119.4770828,
              -5.0341108
            ],
            [
              119.4773027,
              -5.0340253
            ],
            [
              119.4774905,
              -5.0339532
            ],
            [
              119.477748,
              -5.0337287
            ],
            [
              119.4779196,
              -5.0334241
            ],
            [
              119.4780055,
              -5.0331837
            ],
            [
              119.4778785,
              -5.0330972
            ],
            [
              119.4777801,
              -5.0330153
            ],
            [
              119.4777333,
              -5.0329764
            ],
            [
              119.4769916,
              -5.0332981
            ],
            [
              119.4750765,
              -5.0327054
            ],
            [
              119.4745562,
              -5.0323741
            ],
            [
              119.4744596,
              -5.0320962
            ],
            [
              119.4745401,
              -5.0319039
            ],
            [
              119.4746581,
              -5.0316848
            ],
            [
              119.4748995,
              -5.0313695
            ],
            [
              119.4750443,
              -5.0310542
            ],
            [
              119.4749046,
              -5.0309742
            ],
            [
              119.4747922,
              -5.0309099
            ],
            [
              119.4747278,
              -5.0312412
            ],
            [
              119.4744596,
              -5.0316206
            ],
            [
              119.4743309,
              -5.0318184
            ],
            [
              119.4742611,
              -5.0320802
            ],
            [
              119.4741592,
              -5.0322619
            ],
            [
              119.4739875,
              -5.0324756
            ],
            [
              119.4737461,
              -5.0325772
            ],
            [
              119.4733438,
              -5.032513
            ],
            [
              119.473081,
              -5.0324062
            ],
            [
              119.4730434,
              -5.0322565
            ],
            [
              119.4728235,
              -5.0321657
            ],
            [
              119.4728288,
              -5.0319626
            ],
            [
              119.4726894,
              -5.0318291
            ],
            [
              119.4724265,
              -5.0317008
            ],
            [
              119.4723326,
              -5.0318798
            ],
            [
              119.4722452,
              -5.0319895
            ],
            [
              119.4717452,
              -5.0326172
            ],
            [
              119.4712222,
              -5.033181
            ],
            [
              119.4699535,
              -5.0343192
            ],
            [
              119.4696289,
              -5.0344902
            ],
            [
              119.469476,
              -5.0345704
            ],
            [
              119.4693795,
              -5.0346238
            ],
            [
              119.4691086,
              -5.0346639
            ],
            [
              119.4687626,
              -5.0346265
            ],
            [
              119.4686553,
              -5.0345917
            ],
            [
              119.4685239,
              -5.0345009
            ],
            [
              119.4683737,
              -5.0343726
            ],
            [
              119.468253,
              -5.0342497
            ],
            [
              119.4681698,
              -5.0341375
            ],
            [
              119.4678909,
              -5.0338516
            ],
            [
              119.4678801,
              -5.0336539
            ],
            [
              119.4678855,
              -5.0335096
            ],
            [
              119.4679499,
              -5.0334241
            ],
            [
              119.4679928,
              -5.0332905
            ],
            [
              119.4680062,
              -5.0331276
            ],
            [
              119.4680169,
              -5.033002
            ],
            [
              119.4678882,
              -5.0329539
            ],
            [
              119.4675395,
              -5.0328176
            ],
            [
              119.46729,
              -5.0326653
            ],
            [
              119.4672176,
              -5.0325959
            ],
            [
              119.4670647,
              -5.0325104
            ],
            [
              119.4669092,
              -5.0321309
            ],
            [
              119.4669789,
              -5.0319733
            ],
            [
              119.4670433,
              -5.0317916
            ],
            [
              119.4670808,
              -5.0315805
            ],
            [
              119.4670513,
              -5.0313481
            ],
            [
              119.4669467,
              -5.0310943
            ],
            [
              119.4667402,
              -5.0308672
            ],
            [
              119.4667348,
              -5.0307736
            ],
            [
              119.4667804,
              -5.0306454
            ],
            [
              119.4668502,
              -5.0305732
            ],
            [
              119.4669333,
              -5.030469
            ],
            [
              119.4670674,
              -5.0302179
            ],
            [
              119.4671452,
              -5.0300629
            ],
            [
              119.4671988,
              -5.0298224
            ],
            [
              119.4672364,
              -5.0292694
            ],
            [
              119.4672498,
              -5.0283182
            ],
            [
              119.4671211,
              -5.0279922
            ],
            [
              119.4670004,
              -5.0277063
            ],
            [
              119.466936,
              -5.0272147
            ],
            [
              119.4670701,
              -5.027196
            ],
            [
              119.4670728,
              -5.0269021
            ],
            [
              119.4667,
              -5.0261112
            ],
            [
              119.4666329,
              -5.025828
            ],
            [
              119.4667965,
              -5.0257532
            ],
            [
              119.4670513,
              -5.025673
            ],
            [
              119.4673169,
              -5.0255608
            ],
            [
              119.4674081,
              -5.0255367
            ],
            [
              119.4675127,
              -5.0255127
            ],
            [
              119.4676065,
              -5.0254192
            ],
            [
              119.4677165,
              -5.0252829
            ],
            [
              119.4680491,
              -5.025331
            ],
            [
              119.4680652,
              -5.0252829
            ],
            [
              119.4684112,
              -5.0253524
            ],
            [
              119.4685292,
              -5.0252936
            ],
            [
              119.468599,
              -5.0252495
            ],
            [
              119.4686798,
              -5.0251952
            ],
            [
              119.4687033,
              -5.0251794
            ],
            [
              119.4687143,
              -5.025172
            ],
            [
              119.4688135,
              -5.0251413
            ],
            [
              119.4689275,
              -5.0250999
            ],
            [
              119.4690485,
              -5.0250585
            ],
            [
              119.469059,
              -5.0250561
            ],
            [
              119.4691425,
              -5.0250398
            ],
            [
              119.4691931,
              -5.0250304
            ],
            [
              119.4693178,
              -5.0251079
            ],
            [
              119.4693464,
              -5.0251109
            ],
            [
              119.4694318,
              -5.0251199
            ],
            [
              119.469464,
              -5.0251133
            ],
            [
              119.4695552,
              -5.0250945
            ],
            [
              119.4697121,
              -5.0249436
            ],
            [
              119.4696411,
              -5.024563
            ],
            [
              119.4709215,
              -5.022103
            ],
            [
              119.4722579,
              -5.0177222
            ],
            [
              119.4725138,
              -5.0170299
            ],
            [
              119.4728461,
              -5.0163744
            ],
            [
              119.4731813,
              -5.015929
            ],
            [
              119.4737549,
              -5.0151774
            ],
            [
              119.4744248,
              -5.0142303
            ],
            [
              119.47458,
              -5.014003
            ],
            [
              119.4756247,
              -5.0138994
            ],
            [
              119.4756506,
              -5.0138823
            ],
            [
              119.4759449,
              -5.0136879
            ],
            [
              119.4759911,
              -5.0135608
            ],
            [
              119.4760703,
              -5.0133429
            ],
            [
              119.4761292,
              -5.0131807
            ],
            [
              119.4759285,
              -5.0130816
            ],
            [
              119.4758101,
              -5.0128696
            ],
            [
              119.4757961,
              -5.0126494
            ],
            [
              119.4757482,
              -5.0120336
            ],
            [
              119.4754856,
              -5.0110703
            ],
            [
              119.4753936,
              -5.0104345
            ],
            [
              119.4754687,
              -5.0098919
            ],
            [
              119.4756687,
              -5.0087966
            ],
            [
              119.4758882,
              -5.0079215
            ],
            [
              119.4763008,
              -5.0068599
            ],
            [
              119.4768003,
              -5.0047766
            ],
            [
              119.4768555,
              -5.0045248
            ],
            [
              119.4768948,
              -5.0038668
            ],
            [
              119.4770221,
              -5.0033037
            ],
            [
              119.4770019,
              -5.0020103
            ],
            [
              119.4770739,
              -5.0015276
            ],
            [
              119.4768917,
              -5.0003586
            ],
            [
              119.4769796,
              -5.0002432
            ],
            [
              119.4769399,
              -4.9999141
            ],
            [
              119.4770503,
              -4.9994311
            ],
            [
              119.4773464,
              -4.9991891
            ],
            [
              119.4777271,
              -4.9990291
            ],
            [
              119.4780451,
              -4.9989788
            ],
            [
              119.4780469,
              -4.9987215
            ],
            [
              119.4780491,
              -4.9984077
            ],
            [
              119.4779055,
              -4.9983268
            ],
            [
              119.4766247,
              -4.9976777
            ],
            [
              119.4767758,
              -4.9973358
            ],
            [
              119.4766334,
              -4.9971777
            ],
            [
              119.4766542,
              -4.9967246
            ],
            [
              119.477065,
              -4.995664
            ],
            [
              119.4769677,
              -4.995448
            ],
            [
              119.4769733,
              -4.9953355
            ],
            [
              119.4771677,
              -4.9953449
            ],
            [
              119.4771924,
              -4.9952999
            ],
            [
              119.4769896,
              -4.9951204
            ],
            [
              119.4770659,
              -4.9945748
            ],
            [
              119.4767996,
              -4.9942441
            ],
            [
              119.4767232,
              -4.9940314
            ],
            [
              119.4771604,
              -4.993406
            ],
            [
              119.4774211,
              -4.9932458
            ],
            [
              119.4777046,
              -4.9931377
            ],
            [
              119.4781479,
              -4.9931475
            ],
            [
              119.4782054,
              -4.9931173
            ],
            [
              119.4789183,
              -4.9928372
            ],
            [
              119.4794094,
              -4.9921338
            ],
            [
              119.4797248,
              -4.9914451
            ],
            [
              119.4792787,
              -4.9904232
            ],
            [
              119.4783419,
              -4.9897367
            ],
            [
              119.478946,
              -4.9895393
            ],
            [
              119.4791229,
              -4.9892377
            ],
            [
              119.4792042,
              -4.989003
            ],
            [
              119.4797525,
              -4.988384
            ],
            [
              119.4804268,
              -4.9883786
            ],
            [
              119.4806465,
              -4.9883394
            ],
            [
              119.4809393,
              -4.9880842
            ],
            [
              119.4812479,
              -4.9878503
            ],
            [
              119.4819185,
              -4.9875954
            ],
            [
              119.4823272,
              -4.9874371
            ],
            [
              119.4824666,
              -4.9873943
            ],
            [
              119.4828446,
              -4.9876343
            ],
            [
              119.4830041,
              -4.9875243
            ],
            [
              119.4830501,
              -4.987489
            ],
            [
              119.4831227,
              -4.9873711
            ],
            [
              119.4831952,
              -4.9870981
            ],
            [
              119.483311,
              -4.9866564
            ],
            [
              119.4835255,
              -4.9865344
            ],
            [
              119.4837142,
              -4.9861189
            ],
            [
              119.4848535,
              -4.9849881
            ],
            [
              119.4848861,
              -4.9848722
            ],
            [
              119.4862012,
              -4.9837642
            ],
            [
              119.4867286,
              -4.9832375
            ],
            [
              119.4871793,
              -4.9828523
            ],
            [
              119.4877857,
              -4.9825306
            ],
            [
              119.488211,
              -4.9824339
            ],
            [
              119.488897,
              -4.982418
            ],
            [
              119.4894093,
              -4.9824336
            ],
            [
              119.4896577,
              -4.982647
            ],
            [
              119.4898164,
              -4.9829058
            ],
            [
              119.4898052,
              -4.9831505
            ],
            [
              119.4900255,
              -4.9833106
            ],
            [
              119.4903094,
              -4.9833626
            ],
            [
              119.4913017,
              -4.9827847
            ],
            [
              119.4919548,
              -4.9826117
            ],
            [
              119.4920765,
              -4.9824063
            ],
            [
              119.4922648,
              -4.9820887
            ],
            [
              119.4917481,
              -4.9810551
            ],
            [
              119.4918266,
              -4.9801779
            ],
            [
              119.4929345,
              -4.97781
            ],
            [
              119.4947129,
              -4.9748622
            ],
            [
              119.4948524,
              -4.9748783
            ],
            [
              119.4949919,
              -4.9743919
            ],
            [
              119.4948256,
              -4.9742209
            ],
            [
              119.494949,
              -4.9739216
            ],
            [
              119.4962901,
              -4.9717946
            ],
            [
              119.4964671,
              -4.9718481
            ],
            [
              119.497202,
              -4.9705334
            ],
            [
              119.497084,
              -4.9704051
            ],
            [
              119.497996,
              -4.9686469
            ],
            [
              119.498486,
              -4.9671936
            ],
            [
              119.4992083,
              -4.967252
            ],
            [
              119.4995624,
              -4.9663061
            ],
            [
              119.4999754,
              -4.9663756
            ],
            [
              119.5000485,
              -4.9631413
            ],
            [
              119.500282,
              -4.9618165
            ],
            [
              119.5005159,
              -4.9610535
            ],
            [
              119.5009075,
              -4.9605294
            ],
            [
              119.5017084,
              -4.9599441
            ],
            [
              119.5020738,
              -4.9600023
            ],
            [
              119.5021634,
              -4.9598144
            ],
            [
              119.5022404,
              -4.9596529
            ],
            [
              119.5019656,
              -4.9590792
            ],
            [
              119.5020241,
              -4.9584036
            ],
            [
              119.5021266,
              -4.9575735
            ],
            [
              119.5021588,
              -4.957333
            ],
            [
              119.5023143,
              -4.9570551
            ],
            [
              119.5027274,
              -4.9564405
            ],
            [
              119.5032763,
              -4.9551334
            ],
            [
              119.5063604,
              -4.9511482
            ],
            [
              119.5063785,
              -4.9510901
            ],
            [
              119.5063819,
              -4.9510341
            ],
            [
              119.506377,
              -4.9510228
            ],
            [
              119.5063695,
              -4.9510199
            ],
            [
              119.5063544,
              -4.9510181
            ],
            [
              119.5063229,
              -4.951024
            ],
            [
              119.5062726,
              -4.9510493
            ],
            [
              119.5062069,
              -4.9510981
            ],
            [
              119.5061532,
              -4.9511202
            ],
            [
              119.506115,
              -4.9511135
            ],
            [
              119.5060976,
              -4.9510908
            ],
            [
              119.5060956,
              -4.951068
            ],
            [
              119.5061211,
              -4.9509939
            ],
            [
              119.5061405,
              -4.9509531
            ],
            [
              119.5062223,
              -4.950885
            ],
            [
              119.5063095,
              -4.9508489
            ],
            [
              119.5064295,
              -4.9508068
            ],
            [
              119.5064949,
              -4.9507734
            ],
            [
              119.5065147,
              -4.9507634
            ],
            [
              119.50652,
              -4.9507524
            ],
            [
              119.50652,
              -4.950734
            ],
            [
              119.5065127,
              -4.9507193
            ],
            [
              119.5065053,
              -4.9507013
            ],
            [
              119.5064664,
              -4.9506044
            ],
            [
              119.506459,
              -4.9505456
            ],
            [
              119.5064664,
              -4.9505035
            ],
            [
              119.5065214,
              -4.9504107
            ],
            [
              119.5065817,
              -4.9503592
            ],
            [
              119.5066354,
              -4.9503412
            ],
            [
              119.5067279,
              -4.9503365
            ],
            [
              119.5067826,
              -4.9503385
            ],
            [
              119.5068104,
              -4.9503372
            ],
            [
              119.5068251,
              -4.9503282
            ],
            [
              119.5068328,
              -4.9503135
            ],
            [
              119.5068298,
              -4.9502938
            ],
            [
              119.5068211,
              -4.9502697
            ],
            [
              119.5068097,
              -4.950221
            ],
            [
              119.5067665,
              -4.9501358
            ],
            [
              119.5067722,
              -4.9500887
            ],
            [
              119.5067795,
              -4.9500646
            ],
            [
              119.506799,
              -4.9500392
            ],
            [
              119.5068955,
              -4.949927
            ],
            [
              119.5072442,
              -4.9496104
            ],
            [
              119.5080408,
              -4.9486377
            ],
            [
              119.5085907,
              -4.9480631
            ],
            [
              119.5094638,
              -4.947168
            ],
            [
              119.5096153,
              -4.9470357
            ],
            [
              119.5097883,
              -4.9469114
            ],
            [
              119.5100981,
              -4.9467417
            ],
            [
              119.5103905,
              -4.946548
            ],
            [
              119.5108183,
              -4.9462674
            ],
            [
              119.510943,
              -4.9461792
            ],
            [
              119.5110959,
              -4.9461124
            ],
            [
              119.5116551,
              -4.9459735
            ],
            [
              119.5120735,
              -4.9459147
            ],
            [
              119.5122586,
              -4.9458853
            ],
            [
              119.5123525,
              -4.9458906
            ],
            [
              119.5124705,
              -4.945916
            ],
            [
              119.5126972,
              -4.9459427
            ],
            [
              119.5133275,
              -4.9460029
            ],
            [
              119.5137298,
              -4.9460483
            ],
            [
              119.5140074,
              -4.9461552
            ],
            [
              119.5152158,
              -4.945411
            ],
            [
              119.5151809,
              -4.945288
            ],
            [
              119.5151862,
              -4.9451451
            ],
            [
              119.51526312505712,
              -4.944851953160697
            ],
            [
              119.56560219178081,
              -4.976313869863015
            ]
          ]
        ]
      }
    },
    {
      "type": "Feature",
      "properties": {
        "KECAMATAN": "Kecamatan Mandai",
        "NAMA_KECAMATAN": "Mandai",
        "KODE_BPS": "7309020",
        "IBUKOTA": "Tetebatu",
        "LUAS_KM2": 49.11,
        "PENDUDUK_2023": 50540,
        "LAKI_LAKI": 25230,
        "PEREMPUAN": 25310,
        "RASIO_KELAMIN": 99.7,
        "KEPALA_KELUARGA": 13650,
        "KEPADATAN_KM2": 1029,
        "PERTUMBUHAN_PCT": 2.3,
        "DESA_KELURAHAN": 6,
        "SUMBER_DATA": "BPS Maros Dalam Angka 2024",
        "TAHUN_DATA": "2023",
        "KETERANGAN": "Kecamatan berpenduduk terbanyak se-Maros. Lokasi Bandara Internasional Sultan Hasanuddin dan kawasan industri Mamminasata.",
        "COLOR": "#2a9d8f"
      },
      "geometry": {
        "type": "Polygon",
        "coordinates": [
          [
            [
              119.53899952738757,
              -5.106249409234482
            ],
            [
              119.539166,
              -5.1056689
            ],
            [
              119.5393545,
              -5.1047362
            ],
            [
              119.5389897,
              -5.1034752
            ],
            [
              119.5392299,
              -5.1021996
            ],
            [
              119.5393116,
              -5.1017654
            ],
            [
              119.539258,
              -5.1011349
            ],
            [
              119.5389254,
              -5.1004617
            ],
            [
              119.5390607,
              -5.1000359
            ],
            [
              119.5390792,
              -5.0996922
            ],
            [
              119.5390361,
              -5.0987716
            ],
            [
              119.5390361,
              -5.0983051
            ],
            [
              119.5390053,
              -5.0980412
            ],
            [
              119.5388389,
              -5.0976422
            ],
            [
              119.538389,
              -5.0969609
            ],
            [
              119.5380748,
              -5.0963472
            ],
            [
              119.5378098,
              -5.0952792
            ],
            [
              119.5377605,
              -5.0948066
            ],
            [
              119.5378098,
              -5.0938123
            ],
            [
              119.5380193,
              -5.0929775
            ],
            [
              119.5382042,
              -5.0920753
            ],
            [
              119.5383767,
              -5.0908723
            ],
            [
              119.5387588,
              -5.0897
            ],
            [
              119.5387957,
              -5.0893747
            ],
            [
              119.5390977,
              -5.0890309
            ],
            [
              119.5394551,
              -5.0886136
            ],
            [
              119.5394982,
              -5.0885399
            ],
            [
              119.5393503,
              -5.0883681
            ],
            [
              119.5394366,
              -5.0881103
            ],
            [
              119.5396954,
              -5.0880428
            ],
            [
              119.5398433,
              -5.0880059
            ],
            [
              119.5406197,
              -5.086895
            ],
            [
              119.5412551,
              -5.0858246
            ],
            [
              119.5415312,
              -5.0850068
            ],
            [
              119.5416657,
              -5.084062
            ],
            [
              119.5412905,
              -5.0838293
            ],
            [
              119.5408021,
              -5.083223
            ],
            [
              119.5400518,
              -5.0831877
            ],
            [
              119.5395988,
              -5.0826589
            ],
            [
              119.5394006,
              -5.0819186
            ],
            [
              119.5396413,
              -5.0815379
            ],
            [
              119.5392378,
              -5.0813334
            ],
            [
              119.5390042,
              -5.0816789
            ],
            [
              119.5385866,
              -5.0815168
            ],
            [
              119.5370828,
              -5.0815009
            ],
            [
              119.5366054,
              -5.081207
            ],
            [
              119.5362889,
              -5.080459
            ],
            [
              119.5363264,
              -5.0801758
            ],
            [
              119.5363425,
              -5.0798231
            ],
            [
              119.5362513,
              -5.0795666
            ],
            [
              119.536246,
              -5.079401
            ],
            [
              119.5361601,
              -5.0792621
            ],
            [
              119.5360099,
              -5.079214
            ],
            [
              119.536085,
              -5.0790697
            ],
            [
              119.5362996,
              -5.0787064
            ],
            [
              119.5363264,
              -5.0783751
            ],
            [
              119.5364123,
              -5.0783216
            ],
            [
              119.5364015,
              -5.0781346
            ],
            [
              119.5362674,
              -5.077969
            ],
            [
              119.5362352,
              -5.0777392
            ],
            [
              119.5362943,
              -5.0776911
            ],
            [
              119.5363103,
              -5.0775201
            ],
            [
              119.5363103,
              -5.0774293
            ],
            [
              119.5365517,
              -5.0771621
            ],
            [
              119.5366751,
              -5.0771675
            ],
            [
              119.5367717,
              -5.0772636
            ],
            [
              119.5369029,
              -5.0770552
            ],
            [
              119.5369636,
              -5.0768366
            ],
            [
              119.5367301,
              -5.0764179
            ],
            [
              119.5360623,
              -5.0757016
            ],
            [
              119.5356653,
              -5.0754783
            ],
            [
              119.5353291,
              -5.0748689
            ],
            [
              119.5349648,
              -5.0746038
            ],
            [
              119.5349928,
              -5.0743712
            ],
            [
              119.5342596,
              -5.0738641
            ],
            [
              119.5333537,
              -5.0734687
            ],
            [
              119.5328306,
              -5.072985
            ],
            [
              119.5327606,
              -5.0727198
            ],
            [
              119.532868,
              -5.0724733
            ],
            [
              119.5330034,
              -5.0723709
            ],
            [
              119.5330268,
              -5.0722453
            ],
            [
              119.5331669,
              -5.0720267
            ],
            [
              119.5326812,
              -5.0717476
            ],
            [
              119.532499,
              -5.0714452
            ],
            [
              119.532191,
              -5.0708161
            ],
            [
              119.5320538,
              -5.0705807
            ],
            [
              119.5319374,
              -5.0705149
            ],
            [
              119.5318606,
              -5.0704565
            ],
            [
              119.5318343,
              -5.0703699
            ],
            [
              119.5318214,
              -5.0702641
            ],
            [
              119.531905,
              -5.0696643
            ],
            [
              119.5317049,
              -5.0694456
            ],
            [
              119.5316463,
              -5.0692624
            ],
            [
              119.5316356,
              -5.0691254
            ],
            [
              119.5316552,
              -5.0690182
            ],
            [
              119.5316552,
              -5.0689578
            ],
            [
              119.5316024,
              -5.0688175
            ],
            [
              119.5315613,
              -5.0687084
            ],
            [
              119.5315403,
              -5.0685675
            ],
            [
              119.5314905,
              -5.0684049
            ],
            [
              119.5313909,
              -5.0683112
            ],
            [
              119.5312221,
              -5.0682644
            ],
            [
              119.5311004,
              -5.0681542
            ],
            [
              119.531034,
              -5.0680522
            ],
            [
              119.5309317,
              -5.0680136
            ],
            [
              119.5306854,
              -5.0680494
            ],
            [
              119.5305803,
              -5.0680687
            ],
            [
              119.5305652,
              -5.0680658
            ],
            [
              119.5304807,
              -5.0680494
            ],
            [
              119.5303511,
              -5.0679086
            ],
            [
              119.5302206,
              -5.0677987
            ],
            [
              119.5300214,
              -5.0676912
            ],
            [
              119.5297752,
              -5.0676223
            ],
            [
              119.5296341,
              -5.0675754
            ],
            [
              119.5294128,
              -5.0674404
            ],
            [
              119.5293242,
              -5.067377
            ],
            [
              119.5291859,
              -5.067231
            ],
            [
              119.5290669,
              -5.0671345
            ],
            [
              119.5290144,
              -5.0670904
            ],
            [
              119.5289421,
              -5.0669327
            ],
            [
              119.5288927,
              -5.0668932
            ],
            [
              119.5287968,
              -5.0668544
            ],
            [
              119.5286686,
              -5.0667845
            ],
            [
              119.5285242,
              -5.0666586
            ],
            [
              119.5284196,
              -5.066542
            ],
            [
              119.5283407,
              -5.0664348
            ],
            [
              119.5281567,
              -5.0662361
            ],
            [
              119.5281346,
              -5.0661764
            ],
            [
              119.5281319,
              -5.0660976
            ],
            [
              119.5281706,
              -5.0659357
            ],
            [
              119.5282033,
              -5.0656713
            ],
            [
              119.5282278,
              -5.0655525
            ],
            [
              119.5281733,
              -5.0653818
            ],
            [
              119.5281184,
              -5.0651675
            ],
            [
              119.5281731,
              -5.0650583
            ],
            [
              119.5282705,
              -5.0649335
            ],
            [
              119.5283402,
              -5.0648192
            ],
            [
              119.5283545,
              -5.0647361
            ],
            [
              119.5283342,
              -5.0647011
            ],
            [
              119.5282204,
              -5.0645055
            ],
            [
              119.5281393,
              -5.0644063
            ],
            [
              119.5280599,
              -5.0643622
            ],
            [
              119.5278137,
              -5.06442
            ],
            [
              119.5265125,
              -5.064176
            ],
            [
              119.5262589,
              -5.0642376
            ],
            [
              119.5258898,
              -5.0641017
            ],
            [
              119.5257081,
              -5.0640694
            ],
            [
              119.5248672,
              -5.0640425
            ],
            [
              119.5246012,
              -5.0639287
            ],
            [
              119.5243941,
              -5.0638964
            ],
            [
              119.5241755,
              -5.0639322
            ],
            [
              119.5238255,
              -5.0639179
            ],
            [
              119.5236997,
              -5.0639322
            ],
            [
              119.5236029,
              -5.0639956
            ],
            [
              119.5234901,
              -5.0640204
            ],
            [
              119.5233926,
              -5.0639846
            ],
            [
              119.5232902,
              -5.0638882
            ],
            [
              119.5231851,
              -5.0638523
            ],
            [
              119.5229499,
              -5.0638578
            ],
            [
              119.5227978,
              -5.0638606
            ],
            [
              119.522629,
              -5.0637834
            ],
            [
              119.5224796,
              -5.0637779
            ],
            [
              119.5223025,
              -5.0638441
            ],
            [
              119.5221836,
              -5.0639157
            ],
            [
              119.5220508,
              -5.0639433
            ],
            [
              119.5219484,
              -5.0639433
            ],
            [
              119.5218156,
              -5.0639102
            ],
            [
              119.5208565,
              -5.0640233
            ],
            [
              119.5207548,
              -5.0640272
            ],
            [
              119.5206687,
              -5.0640019
            ],
            [
              119.5204907,
              -5.0639142
            ],
            [
              119.5203068,
              -5.063844
            ],
            [
              119.5201875,
              -5.0638167
            ],
            [
              119.5200623,
              -5.0638245
            ],
            [
              119.5199899,
              -5.0638148
            ],
            [
              119.5198882,
              -5.0637641
            ],
            [
              119.5197688,
              -5.0637622
            ],
            [
              119.5196632,
              -5.0637602
            ],
            [
              119.5195534,
              -5.0637024
            ],
            [
              119.5194676,
              -5.0636297
            ],
            [
              119.5194245,
              -5.0634816
            ],
            [
              119.5194404,
              -5.0632699
            ],
            [
              119.5194248,
              -5.0631303
            ],
            [
              119.5193363,
              -5.0630614
            ],
            [
              119.5191924,
              -5.0630118
            ],
            [
              119.5189305,
              -5.0629267
            ],
            [
              119.5186059,
              -5.0629649
            ],
            [
              119.5184814,
              -5.063111
            ],
            [
              119.5183929,
              -5.0631468
            ],
            [
              119.5183237,
              -5.0631496
            ],
            [
              119.5180885,
              -5.0628905
            ],
            [
              119.5177829,
              -5.0628331
            ],
            [
              119.5176357,
              -5.0627819
            ],
            [
              119.5175797,
              -5.0628052
            ],
            [
              119.5175447,
              -5.062847
            ],
            [
              119.5175237,
              -5.0629657
            ],
            [
              119.517491,
              -5.0631099
            ],
            [
              119.5173742,
              -5.0631448
            ],
            [
              119.5172785,
              -5.0631471
            ],
            [
              119.5171874,
              -5.0630633
            ],
            [
              119.5171431,
              -5.0629587
            ],
            [
              119.517066,
              -5.0629703
            ],
            [
              119.5169399,
              -5.0630215
            ],
            [
              119.5168489,
              -5.0630215
            ],
            [
              119.5166551,
              -5.0629145
            ],
            [
              119.516578,
              -5.0628424
            ],
            [
              119.5164589,
              -5.062754
            ],
            [
              119.5163445,
              -5.062754
            ],
            [
              119.5162067,
              -5.0627959
            ],
            [
              119.516048,
              -5.0628959
            ],
            [
              119.5156206,
              -5.0627377
            ],
            [
              119.5155459,
              -5.0626842
            ],
            [
              119.5147692,
              -5.0639498
            ],
            [
              119.5146799,
              -5.0642076
            ],
            [
              119.5146737,
              -5.064539
            ],
            [
              119.5145998,
              -5.064895
            ],
            [
              119.51419,
              -5.0651743
            ],
            [
              119.5141376,
              -5.0658434
            ],
            [
              119.5143009,
              -5.0659968
            ],
            [
              119.5143594,
              -5.0660582
            ],
            [
              119.5144211,
              -5.0663498
            ],
            [
              119.5142177,
              -5.0665308
            ],
            [
              119.5141191,
              -5.0667825
            ],
            [
              119.5140852,
              -5.0670464
            ],
            [
              119.5141099,
              -5.0675068
            ],
            [
              119.5141838,
              -5.067918
            ],
            [
              119.5139774,
              -5.0682249
            ],
            [
              119.5134043,
              -5.0683354
            ],
            [
              119.5132872,
              -5.0682863
            ],
            [
              119.5130377,
              -5.0681605
            ],
            [
              119.5127789,
              -5.0680592
            ],
            [
              119.5124615,
              -5.0680132
            ],
            [
              119.5119747,
              -5.0681912
            ],
            [
              119.5113154,
              -5.0685073
            ],
            [
              119.5107947,
              -5.0687681
            ],
            [
              119.5105482,
              -5.0689032
            ],
            [
              119.5103688,
              -5.0689129
            ],
            [
              119.5100953,
              -5.0689277
            ],
            [
              119.5099196,
              -5.068897
            ],
            [
              119.5097317,
              -5.0689983
            ],
            [
              119.5093743,
              -5.0692162
            ],
            [
              119.50937297361533,
              -5.069216217019162
            ],
            [
              119.48811320754719,
              -5.042641509433967
            ],
            [
              119.53730324675324,
              -5.031710389610392
            ],
            [
              119.59171439790576,
              -5.048713874345546
            ],
            [
              119.57348159509203,
              -5.115567484662576
            ],
            [
              119.54086206896551,
              -5.108577586206894
            ],
            [
              119.53899952738757,
              -5.106249409234482
            ]
          ]
        ]
      }
    },
    {
      "type": "Feature",
      "properties": {
        "KECAMATAN": "Kecamatan Tanralili",
        "NAMA_KECAMATAN": "Tanralili",
        "KODE_BPS": "7309090",
        "IBUKOTA": "Borong",
        "LUAS_KM2": 89.45,
        "PENDUDUK_2023": 30910,
        "LAKI_LAKI": 15380,
        "PEREMPUAN": 15530,
        "RASIO_KELAMIN": 99.0,
        "KEPALA_KELUARGA": 8420,
        "KEPADATAN_KM2": 346,
        "PERTUMBUHAN_PCT": 1.5,
        "DESA_KELURAHAN": 8,
        "SUMBER_DATA": "BPS Maros Dalam Angka 2024",
        "TAHUN_DATA": "2023",
        "KETERANGAN": "Pusat pengembangan perumahan baru Mamminasata dan komoditas hortikultura sayuran unggulan.",
        "COLOR": "#a5a58d"
      },
      "geometry": {
        "type": "Polygon",
        "coordinates": [
          [
            [
              119.59171439790576,
              -5.048713874345546
            ],
            [
              119.59195708571428,
              -5.0486168571428545
            ],
            [
              119.6788924050633,
              -5.0881329113924085
            ],
            [
              119.66057546086122,
              -5.16750633626802
            ],
            [
              119.6601178,
              -5.1674999
            ],
            [
              119.6546521,
              -5.1673374
            ],
            [
              119.6491105,
              -5.172477
            ],
            [
              119.6478912,
              -5.1765074
            ],
            [
              119.6472353,
              -5.1786543
            ],
            [
              119.6419175,
              -5.177947
            ],
            [
              119.6378375,
              -5.1768425
            ],
            [
              119.6367127,
              -5.1747713
            ],
            [
              119.6296702,
              -5.1676514
            ],
            [
              119.6262875,
              -5.1654442
            ],
            [
              119.6241016,
              -5.1628396
            ],
            [
              119.6230988,
              -5.1618836
            ],
            [
              119.6212978,
              -5.160928
            ],
            [
              119.6201281,
              -5.1606654
            ],
            [
              119.6128579,
              -5.159033
            ],
            [
              119.60751964747534,
              -5.158888642241344
            ],
            [
              119.60581130251506,
              -5.1567143850191695
            ],
            [
              119.6056367,
              -5.1552222
            ],
            [
              119.6040501,
              -5.1541166
            ],
            [
              119.6037375330805,
              -5.154075042102446
            ],
            [
              119.57348159509203,
              -5.115567484662576
            ],
            [
              119.59171439790576,
              -5.048713874345546
            ]
          ]
        ]
      }
    },
    {
      "type": "Feature",
      "properties": {
        "KECAMATAN": "Kecamatan Turikale",
        "NAMA_KECAMATAN": "Turikale",
        "KODE_BPS": "7309010",
        "IBUKOTA": "Pettuadae",
        "LUAS_KM2": 22.93,
        "PENDUDUK_2023": 48320,
        "LAKI_LAKI": 24100,
        "PEREMPUAN": 24220,
        "RASIO_KELAMIN": 99.5,
        "KEPALA_KELUARGA": 12850,
        "KEPADATAN_KM2": 2107,
        "PERTUMBUHAN_PCT": 2.1,
        "DESA_KELURAHAN": 7,
        "SUMBER_DATA": "BPS Maros Dalam Angka 2024",
        "TAHUN_DATA": "2023",
        "KETERANGAN": "Pusat pemerintahan kabupaten. Kota terkecil namun terpadat di Maros dengan kepadatan 2.107 jiwa/km².",
        "COLOR": "#264653"
      },
      "geometry": {
        "type": "Polygon",
        "coordinates": [
          [
            [
              119.61768176470588,
              -4.99636360294118
            ],
            [
              119.59195708571428,
              -5.0486168571428545
            ],
            [
              119.59171439790576,
              -5.048713874345546
            ],
            [
              119.53730324675324,
              -5.031710389610392
            ],
            [
              119.56560219178081,
              -4.976313869863015
            ],
            [
              119.61326869688385,
              -4.9634626062323
            ],
            [
              119.61768176470588,
              -4.99636360294118
            ]
          ]
        ]
      }
    },
    {
      "type": "Feature",
      "properties": {
        "KECAMATAN": "Kecamatan Simbang",
        "NAMA_KECAMATAN": "Simbang",
        "KODE_BPS": "7309080",
        "IBUKOTA": "Jenetaesa",
        "LUAS_KM2": 105.31,
        "PENDUDUK_2023": 23750,
        "LAKI_LAKI": 11810,
        "PEREMPUAN": 11940,
        "RASIO_KELAMIN": 98.9,
        "KEPALA_KELUARGA": 6450,
        "KEPADATAN_KM2": 225,
        "PERTUMBUHAN_PCT": 0.8,
        "DESA_KELURAHAN": 6,
        "SUMBER_DATA": "BPS Maros Dalam Angka 2024",
        "TAHUN_DATA": "2023",
        "KETERANGAN": "Kawasan Geopark Rammang-Rammang (UNESCO Global Geopark 2023). Menara karst spektakuler dan kampung Berua terpencil.",
        "COLOR": "#6b705c"
      },
      "geometry": {
        "type": "Polygon",
        "coordinates": [
          [
            [
              119.61768176470588,
              -4.99636360294118
            ],
            [
              119.7076581027668,
              -5.052598814229241
            ],
            [
              119.6788924050633,
              -5.0881329113924085
            ],
            [
              119.59195708571428,
              -5.0486168571428545
            ],
            [
              119.61768176470588,
              -4.99636360294118
            ]
          ]
        ]
      }
    },
    {
      "type": "Feature",
      "properties": {
        "KECAMATAN": "Kecamatan Tompobulu",
        "NAMA_KECAMATAN": "Tompobulu",
        "KODE_BPS": "7309100",
        "IBUKOTA": "Pucak",
        "LUAS_KM2": 287.15,
        "PENDUDUK_2023": 15480,
        "LAKI_LAKI": 7720,
        "PEREMPUAN": 7760,
        "RASIO_KELAMIN": 99.5,
        "KEPALA_KELUARGA": 4180,
        "KEPADATAN_KM2": 54,
        "PERTUMBUHAN_PCT": 0.3,
        "DESA_KELURAHAN": 8,
        "SUMBER_DATA": "BPS Maros Dalam Angka 2024",
        "TAHUN_DATA": "2023",
        "KETERANGAN": "Kecamatan terluas (17,7% total luas Maros). Wisata agro Pucak dan hutan pinus pegunungan.",
        "COLOR": "#b7094c"
      },
      "geometry": {
        "type": "Polygon",
        "coordinates": [
          [
            [
              119.6788924050633,
              -5.0881329113924085
            ],
            [
              119.7076581027668,
              -5.052598814229241
            ],
            [
              119.71105769230769,
              -5.0504230769230745
            ],
            [
              119.85859783827739,
              -5.109439135310962
            ],
            [
              119.8580481,
              -5.1112799
            ],
            [
              119.8569323,
              -5.113524
            ],
            [
              119.8591437,
              -5.1163947
            ],
            [
              119.8669543,
              -5.121289
            ],
            [
              119.8694219,
              -5.122785
            ],
            [
              119.8695506,
              -5.1254137
            ],
            [
              119.8689498,
              -5.126867
            ],
            [
              119.8669543,
              -5.1289615
            ],
            [
              119.8659887,
              -5.1299659
            ],
            [
              119.8651733,
              -5.1314406
            ],
            [
              119.8652591,
              -5.1325305
            ],
            [
              119.8654308,
              -5.1350524
            ],
            [
              119.8644008,
              -5.1362706
            ],
            [
              119.8625125,
              -5.1374887
            ],
            [
              119.8618473,
              -5.1379803
            ],
            [
              119.8613109,
              -5.1385359
            ],
            [
              119.8607744,
              -5.1406517
            ],
            [
              119.8593153,
              -5.1418271
            ],
            [
              119.8586072,
              -5.141934
            ],
            [
              119.8581781,
              -5.1426179
            ],
            [
              119.8575129,
              -5.144178
            ],
            [
              119.8569335,
              -5.1467639
            ],
            [
              119.8563113,
              -5.1478538
            ],
            [
              119.85644,
              -5.1504611
            ],
            [
              119.8570623,
              -5.1506534
            ],
            [
              119.8575987,
              -5.150397
            ],
            [
              119.8601522,
              -5.1519571
            ],
            [
              119.8619117,
              -5.1537095
            ],
            [
              119.8626627,
              -5.1553764
            ],
            [
              119.8636283,
              -5.1578127
            ],
            [
              119.8638,
              -5.1594155
            ],
            [
              119.8636927,
              -5.1607405
            ],
            [
              119.8631348,
              -5.1626852
            ],
            [
              119.8614396,
              -5.164694
            ],
            [
              119.8594012,
              -5.1683911
            ],
            [
              119.8555388,
              -5.1724942
            ],
            [
              119.8487075,
              -5.1786992
            ],
            [
              119.84704,
              -5.1778838
            ],
            [
              119.8453449,
              -5.1801063
            ],
            [
              119.8446277,
              -5.1829715
            ],
            [
              119.8437566,
              -5.1839688
            ],
            [
              119.8428877,
              -5.1849635
            ],
            [
              119.8396679,
              -5.1881864
            ],
            [
              119.8371635,
              -5.1912959
            ],
            [
              119.8339861,
              -5.1939889
            ],
            [
              119.8323213,
              -5.1949126
            ],
            [
              119.8309664,
              -5.1956006
            ],
            [
              119.8300388,
              -5.1951988
            ],
            [
              119.8293656,
              -5.1956132
            ],
            [
              119.8290922,
              -5.1954816
            ],
            [
              119.8271812,
              -5.1955999
            ],
            [
              119.8264089,
              -5.1960628
            ],
            [
              119.8257703,
              -5.1969665
            ],
            [
              119.8248844,
              -5.1981941
            ],
            [
              119.8238015,
              -5.1982476
            ],
            [
              119.8224377,
              -5.2000748
            ],
            [
              119.8205601,
              -5.2012558
            ],
            [
              119.818251,
              -5.2041385
            ],
            [
              119.8170636,
              -5.2042721
            ],
            [
              119.816547,
              -5.2049525
            ],
            [
              119.8163632,
              -5.2054713
            ],
            [
              119.815611,
              -5.2058416
            ],
            [
              119.8144617,
              -5.2058268
            ],
            [
              119.8118761,
              -5.2052114
            ],
            [
              119.8061844,
              -5.2054057
            ],
            [
              119.8045095,
              -5.2073977
            ],
            [
              119.8020539,
              -5.2106852
            ],
            [
              119.7987687,
              -5.2116224
            ],
            [
              119.794051,
              -5.2096133
            ],
            [
              119.7920203,
              -5.210248
            ],
            [
              119.7897118,
              -5.2108789
            ],
            [
              119.7883377,
              -5.2099591
            ],
            [
              119.7872501,
              -5.2089923
            ],
            [
              119.7857772,
              -5.2079595
            ],
            [
              119.7842277,
              -5.2084922
            ],
            [
              119.7837596,
              -5.2084306
            ],
            [
              119.7812309,
              -5.2094229
            ],
            [
              119.7801344,
              -5.2088895
            ],
            [
              119.7797679,
              -5.2084928
            ],
            [
              119.7791882,
              -5.2080684
            ],
            [
              119.7789997,
              -5.2078129
            ],
            [
              119.7778079,
              -5.2079683
            ],
            [
              119.7769029,
              -5.2078822
            ],
            [
              119.7760822,
              -5.2075688
            ],
            [
              119.7755588,
              -5.2075643
            ],
            [
              119.7753325,
              -5.2068327
            ],
            [
              119.7749681,
              -5.2066473
            ],
            [
              119.7749061,
              -5.206151
            ],
            [
              119.7745288,
              -5.2061468
            ],
            [
              119.7742928,
              -5.2056833
            ],
            [
              119.7747599,
              -5.2049811
            ],
            [
              119.7743475,
              -5.2030179
            ],
            [
              119.7741822,
              -5.2020794
            ],
            [
              119.7741409,
              -5.2013948
            ],
            [
              119.7738637,
              -5.2009583
            ],
            [
              119.7735633,
              -5.2000202
            ],
            [
              119.7708507,
              -5.1986332
            ],
            [
              119.7698433,
              -5.1981896
            ],
            [
              119.7671985,
              -5.193669
            ],
            [
              119.7632757,
              -5.1899111
            ],
            [
              119.7570739,
              -5.1883298
            ],
            [
              119.7503865,
              -5.1860602
            ],
            [
              119.7434189,
              -5.1826371
            ],
            [
              119.7309967,
              -5.1826743
            ],
            [
              119.7277277,
              -5.1836789
            ],
            [
              119.7195645,
              -5.1827301
            ],
            [
              119.7174537,
              -5.1817441
            ],
            [
              119.7127888,
              -5.1791507
            ],
            [
              119.7113609,
              -5.1784487
            ],
            [
              119.7071849,
              -5.1778484
            ],
            [
              119.7053967,
              -5.1757796
            ],
            [
              119.700895,
              -5.1742809
            ],
            [
              119.6936715,
              -5.1697952
            ],
            [
              119.691475,
              -5.1701278
            ],
            [
              119.6897182,
              -5.1701092
            ],
            [
              119.6873931,
              -5.1677638
            ],
            [
              119.6860339,
              -5.1669928
            ],
            [
              119.6832492,
              -5.1661321
            ],
            [
              119.6661903,
              -5.1675853
            ],
            [
              119.66057546086122,
              -5.16750633626802
            ],
            [
              119.6788924050633,
              -5.0881329113924085
            ]
          ]
        ]
      }
    },
    {
      "type": "Feature",
      "properties": {
        "KECAMATAN": "Kecamatan Camba",
        "NAMA_KECAMATAN": "Camba",
        "KODE_BPS": "7309110",
        "IBUKOTA": "Cempaniga",
        "LUAS_KM2": 145.36,
        "PENDUDUK_2023": 13560,
        "LAKI_LAKI": 6730,
        "PEREMPUAN": 6830,
        "RASIO_KELAMIN": 98.5,
        "KEPALA_KELUARGA": 3750,
        "KEPADATAN_KM2": 93,
        "PERTUMBUHAN_PCT": 0.2,
        "DESA_KELURAHAN": 8,
        "SUMBER_DATA": "BPS Maros Dalam Angka 2024",
        "TAHUN_DATA": "2023",
        "KETERANGAN": "Jalur lintas pegunungan Poros Maros-Bone. Penghasil gula aren, madu hutan, dan aren tradisional.",
        "COLOR": "#892b64"
      },
      "geometry": {
        "type": "Polygon",
        "coordinates": [
          [
            [
              119.7371076442298,
              -4.936053822114904
            ],
            [
              119.7375145,
              -4.9359475
            ],
            [
              119.7396818,
              -4.9337456
            ],
            [
              119.7409907,
              -4.9322919
            ],
            [
              119.7435656,
              -4.9308382
            ],
            [
              119.7451535,
              -4.9292134
            ],
            [
              119.7463336,
              -4.9293844
            ],
            [
              119.7468057,
              -4.9289782
            ],
            [
              119.7472992,
              -4.9291493
            ],
            [
              119.748458,
              -4.9293417
            ],
            [
              119.7492519,
              -4.9296196
            ],
            [
              119.7504035,
              -4.9313182
            ],
            [
              119.7527638,
              -4.932836
            ],
            [
              119.7557679,
              -4.9346318
            ],
            [
              119.7591367,
              -4.937411
            ],
            [
              119.7638145,
              -4.9396556
            ],
            [
              119.7670117,
              -4.9408314
            ],
            [
              119.7693077,
              -4.9420072
            ],
            [
              119.7739855,
              -4.9432258
            ],
            [
              119.7750369,
              -4.9426913
            ],
            [
              119.7756806,
              -4.9417934
            ],
            [
              119.7766462,
              -4.9414086
            ],
            [
              119.7770301,
              -4.9407208
            ],
            [
              119.7777294,
              -4.9394247
            ],
            [
              119.7784612,
              -4.9388091
            ],
            [
              119.7792092,
              -4.9378856
            ],
            [
              119.7796971,
              -4.9373833
            ],
            [
              119.7800223,
              -4.9363302
            ],
            [
              119.7803638,
              -4.9356012
            ],
            [
              119.7807378,
              -4.9339162
            ],
            [
              119.7804451,
              -4.932377
            ],
            [
              119.7811444,
              -4.9307569
            ],
            [
              119.7836162,
              -4.9289909
            ],
            [
              119.7853562,
              -4.9275003
            ],
            [
              119.7871775,
              -4.9258801
            ],
            [
              119.7880048,
              -4.9258475
            ],
            [
              119.7890991,
              -4.9265744
            ],
            [
              119.7902149,
              -4.9271944
            ],
            [
              119.7914809,
              -4.9270875
            ],
            [
              119.793691,
              -4.9266172
            ],
            [
              119.7951072,
              -4.9262324
            ],
            [
              119.7968239,
              -4.9251848
            ],
            [
              119.7986478,
              -4.9248428
            ],
            [
              119.8002356,
              -4.9256765
            ],
            [
              119.8018235,
              -4.9259758
            ],
            [
              119.8027891,
              -4.9255482
            ],
            [
              119.8033899,
              -4.9245435
            ],
            [
              119.8040122,
              -4.9235173
            ],
            [
              119.8040122,
              -4.9226194
            ],
            [
              119.8031324,
              -4.9213367
            ],
            [
              119.8021239,
              -4.9196478
            ],
            [
              119.8017806,
              -4.9183864
            ],
            [
              119.8016089,
              -4.9163982
            ],
            [
              119.8013514,
              -4.9147307
            ],
            [
              119.8013943,
              -4.9129776
            ],
            [
              119.8015016,
              -4.911139
            ],
            [
              119.8024028,
              -4.9095784
            ],
            [
              119.8020166,
              -4.9087232
            ],
            [
              119.8005146,
              -4.9076756
            ],
            [
              119.7999567,
              -4.9059867
            ],
            [
              119.7998065,
              -4.9054095
            ],
            [
              119.7993773,
              -4.9043833
            ],
            [
              119.8002142,
              -4.9028867
            ],
            [
              119.8016518,
              -4.9022453
            ],
            [
              119.8019952,
              -4.9012619
            ],
            [
              119.8020166,
              -4.9003426
            ],
            [
              119.8016518,
              -4.8991667
            ],
            [
              119.8022312,
              -4.8983116
            ],
            [
              119.8026603,
              -4.8973709
            ],
            [
              119.8025531,
              -4.8966226
            ],
            [
              119.8027462,
              -4.896024
            ],
            [
              119.8039693,
              -4.8949122
            ],
            [
              119.8042911,
              -4.8934157
            ],
            [
              119.8043126,
              -4.8919405
            ],
            [
              119.8049563,
              -4.890615
            ],
            [
              119.8048919,
              -4.8891612
            ],
            [
              119.8048061,
              -4.8872584
            ],
            [
              119.8050636,
              -4.8852701
            ],
            [
              119.8048061,
              -4.8844363
            ],
            [
              119.8036045,
              -4.8835811
            ],
            [
              119.802317,
              -4.8822341
            ],
            [
              119.8013514,
              -4.8805237
            ],
            [
              119.8005146,
              -4.8791127
            ],
            [
              119.799549,
              -4.8773809
            ],
            [
              119.7981113,
              -4.8754139
            ],
            [
              119.7978109,
              -4.8747298
            ],
            [
              119.7976607,
              -4.8737891
            ],
            [
              119.7982401,
              -4.8724635
            ],
            [
              119.7985619,
              -4.8720359
            ],
            [
              119.7983688,
              -4.87148
            ],
            [
              119.7976607,
              -4.8707103
            ],
            [
              119.7971028,
              -4.870411
            ],
            [
              119.7957724,
              -4.8695344
            ],
            [
              119.794206,
              -4.8681019
            ],
            [
              119.7941631,
              -4.8664343
            ],
            [
              119.7943348,
              -4.8650873
            ],
            [
              119.7953647,
              -4.8636548
            ],
            [
              119.7964162,
              -4.862543
            ],
            [
              119.7969955,
              -4.8613243
            ],
            [
              119.7985405,
              -4.859678
            ],
            [
              119.7996992,
              -4.8581173
            ],
            [
              119.7998923,
              -4.8564282
            ],
            [
              119.8011154,
              -4.8551667
            ],
            [
              119.8016304,
              -4.8538411
            ],
            [
              119.8020166,
              -4.8511258
            ],
            [
              119.8017591,
              -4.8499498
            ],
            [
              119.8020381,
              -4.8483463
            ],
            [
              119.8020166,
              -4.8462296
            ],
            [
              119.8024243,
              -4.8448184
            ],
            [
              119.8030037,
              -4.843899
            ],
            [
              119.8035401,
              -4.84283
            ],
            [
              119.8050851,
              -4.8421244
            ],
            [
              119.8054284,
              -4.8416754
            ],
            [
              119.8051709,
              -4.8406277
            ],
            [
              119.8054284,
              -4.8396442
            ],
            [
              119.80501133788091,
              -4.838340891920609
            ],
            [
              119.9116670316664,
              -4.9094446877775955
            ],
            [
              119.9115505,
              -4.9094658
            ],
            [
              119.9113419,
              -4.9096563
            ],
            [
              119.9109943,
              -4.9096476
            ],
            [
              119.9106293,
              -4.909561
            ],
            [
              119.9100209,
              -4.9093272
            ],
            [
              119.9094908,
              -4.9091108
            ],
            [
              119.9089172,
              -4.9092406
            ],
            [
              119.9085522,
              -4.9096563
            ],
            [
              119.9085087,
              -4.9102537
            ],
            [
              119.9082828,
              -4.9108598
            ],
            [
              119.9079091,
              -4.9112062
            ],
            [
              119.9076397,
              -4.9116997
            ],
            [
              119.9075093,
              -4.91215
            ],
            [
              119.9072225,
              -4.9126003
            ],
            [
              119.9070748,
              -4.9133103
            ],
            [
              119.9070226,
              -4.9137779
            ],
            [
              119.9067324,
              -4.9139555
            ],
            [
              119.9061311,
              -4.9134056
            ],
            [
              119.9057712,
              -4.9130765
            ],
            [
              119.9051368,
              -4.9124964
            ],
            [
              119.9048847,
              -4.9121327
            ],
            [
              119.9045805,
              -4.9118556
            ],
            [
              119.904259,
              -4.9116911
            ],
            [
              119.9037627,
              -4.9116127
            ],
            [
              119.903416,
              -4.9114833
            ],
            [
              119.9031553,
              -4.9115266
            ],
            [
              119.9029119,
              -4.9117863
            ],
            [
              119.9027711,
              -4.9120668
            ],
            [
              119.9026773,
              -4.9124964
            ],
            [
              119.9028267,
              -4.9129623
            ],
            [
              119.9033291,
              -4.9137259
            ],
            [
              119.9033918,
              -4.9148285
            ],
            [
              119.9031657,
              -4.9150326
            ],
            [
              119.9023472,
              -4.9157714
            ],
            [
              119.9018041,
              -4.9162616
            ],
            [
              119.9016215,
              -4.9165024
            ],
            [
              119.9010386,
              -4.9166554
            ],
            [
              119.9007269,
              -4.916867
            ],
            [
              119.9002931,
              -4.9167725
            ],
            [
              119.9000401,
              -4.9165834
            ],
            [
              119.8994211,
              -4.9164618
            ],
            [
              119.8988292,
              -4.9162728
            ],
            [
              119.8983729,
              -4.9161377
            ],
            [
              119.898016,
              -4.9160252
            ],
            [
              119.8977855,
              -4.9161467
            ],
            [
              119.897415,
              -4.9166284
            ],
            [
              119.8974557,
              -4.9172046
            ],
            [
              119.8976274,
              -4.9176863
            ],
            [
              119.8979166,
              -4.9179789
            ],
            [
              119.898138,
              -4.9181184
            ],
            [
              119.8984633,
              -4.9181274
            ],
            [
              119.8988202,
              -4.9182445
            ],
            [
              119.8991229,
              -4.918429
            ],
            [
              119.8994166,
              -4.9186811
            ],
            [
              119.8995657,
              -4.9190007
            ],
            [
              119.8995205,
              -4.9193564
            ],
            [
              119.8993127,
              -4.9195544
            ],
            [
              119.8990552,
              -4.9197435
            ],
            [
              119.8987931,
              -4.9199506
            ],
            [
              119.8983639,
              -4.9201711
            ],
            [
              119.8976635,
              -4.9204142
            ],
            [
              119.8969632,
              -4.9204547
            ],
            [
              119.8966831,
              -4.9206303
            ],
            [
              119.896412,
              -4.9209274
            ],
            [
              119.8961771,
              -4.9212785
            ],
            [
              119.8962403,
              -4.9216341
            ],
            [
              119.8963578,
              -4.9220933
            ],
            [
              119.8964436,
              -4.9227415
            ],
            [
              119.8963804,
              -4.9233492
            ],
            [
              119.8962629,
              -4.9238219
            ],
            [
              119.8961002,
              -4.9242946
            ],
            [
              119.8959511,
              -4.9246232
            ],
            [
              119.8956168,
              -4.9249788
            ],
            [
              119.8953502,
              -4.9257125
            ],
            [
              119.8953999,
              -4.9261087
            ],
            [
              119.895296,
              -4.9264823
            ],
            [
              119.8950159,
              -4.927018
            ],
            [
              119.8948713,
              -4.9276302
            ],
            [
              119.8948532,
              -4.9281794
            ],
            [
              119.8951469,
              -4.92858
            ],
            [
              119.8951876,
              -4.9289401
            ],
            [
              119.8949933,
              -4.9294398
            ],
            [
              119.8947086,
              -4.930178
            ],
            [
              119.8946815,
              -4.9306417
            ],
            [
              119.8947674,
              -4.9309208
            ],
            [
              119.8949707,
              -4.9310243
            ],
            [
              119.8951785,
              -4.9309748
            ],
            [
              119.8953864,
              -4.9308938
            ],
            [
              119.8956575,
              -4.9305111
            ],
            [
              119.8960731,
              -4.930196
            ],
            [
              119.8963442,
              -4.9300115
            ],
            [
              119.8966966,
              -4.929998
            ],
            [
              119.8970039,
              -4.930178
            ],
            [
              119.8971033,
              -4.9304886
            ],
            [
              119.8971575,
              -4.9307767
            ],
            [
              119.8972388,
              -4.9311503
            ],
            [
              119.8973608,
              -4.9315105
            ],
            [
              119.8975099,
              -4.9318256
            ],
            [
              119.8977042,
              -4.9323072
            ],
            [
              119.8978759,
              -4.9325413
            ],
            [
              119.8980928,
              -4.9327574
            ],
            [
              119.8983142,
              -4.933257
            ],
            [
              119.8984136,
              -4.9337207
            ],
            [
              119.8982374,
              -4.9340808
            ],
            [
              119.8978398,
              -4.9343554
            ],
            [
              119.8973247,
              -4.9346255
            ],
            [
              119.8967689,
              -4.9350576
            ],
            [
              119.8962584,
              -4.9355978
            ],
            [
              119.895924,
              -4.9360254
            ],
            [
              119.8958789,
              -4.9363585
            ],
            [
              119.8954406,
              -4.9367862
            ],
            [
              119.8950611,
              -4.9372948
            ],
            [
              119.8949481,
              -4.9377765
            ],
            [
              119.8949797,
              -4.9383122
            ],
            [
              119.8951198,
              -4.9387713
            ],
            [
              119.8953276,
              -4.9390999
            ],
            [
              119.8957207,
              -4.9393745
            ],
            [
              119.8962584,
              -4.9395321
            ],
            [
              119.8969949,
              -4.9395681
            ],
            [
              119.8977449,
              -4.9396221
            ],
            [
              119.8986982,
              -4.9397391
            ],
            [
              119.899525,
              -4.9397391
            ],
            [
              119.9006049,
              -4.9397346
            ],
            [
              119.9009799,
              -4.9400182
            ],
            [
              119.9011335,
              -4.9405449
            ],
            [
              119.9009754,
              -4.9414001
            ],
            [
              119.9006139,
              -4.9421339
            ],
            [
              119.9004377,
              -4.9426876
            ],
            [
              119.9004489,
              -4.9430041
            ],
            [
              119.8995416,
              -4.9429409
            ],
            [
              119.8990815,
              -4.9426354
            ],
            [
              119.8987365,
              -4.9423871
            ],
            [
              119.898385,
              -4.9423362
            ],
            [
              119.8980719,
              -4.9424635
            ],
            [
              119.8976502,
              -4.9424698
            ],
            [
              119.897401,
              -4.942629
            ],
            [
              119.8973307,
              -4.94303
            ],
            [
              119.8972732,
              -4.943482
            ],
            [
              119.8971518,
              -4.9439276
            ],
            [
              119.8968132,
              -4.944456
            ],
            [
              119.8963531,
              -4.9448634
            ],
            [
              119.8959761,
              -4.9448125
            ],
            [
              119.8955991,
              -4.9444115
            ],
            [
              119.8953052,
              -4.9439213
            ],
            [
              119.8950879,
              -4.9438131
            ],
            [
              119.8948899,
              -4.9439404
            ],
            [
              119.894909,
              -4.9442778
            ],
            [
              119.8950304,
              -4.9446215
            ],
            [
              119.8949665,
              -4.9449335
            ],
            [
              119.8947365,
              -4.9450926
            ],
            [
              119.8945576,
              -4.9451117
            ],
            [
              119.8942701,
              -4.9448953
            ],
            [
              119.8940848,
              -4.9446279
            ],
            [
              119.8938739,
              -4.9443924
            ],
            [
              119.8936183,
              -4.9442141
            ],
            [
              119.8934075,
              -4.9443032
            ],
            [
              119.8930944,
              -4.944456
            ],
            [
              119.8929218,
              -4.9446215
            ],
            [
              119.8926599,
              -4.9448603
            ],
            [
              119.8924458,
              -4.9451786
            ],
            [
              119.8921934,
              -4.9453759
            ],
            [
              119.8918963,
              -4.9454427
            ],
            [
              119.8918036,
              -4.9456846
            ],
            [
              119.8917813,
              -4.9462098
            ],
            [
              119.8919187,
              -4.9464135
            ],
            [
              119.8922669,
              -4.9464995
            ],
            [
              119.8925385,
              -4.9465122
            ],
            [
              119.892596,
              -4.9466395
            ],
            [
              119.8926087,
              -4.9472093
            ],
            [
              119.892564,
              -4.9475085
            ],
            [
              119.892203,
              -4.9477345
            ],
            [
              119.8919155,
              -4.9480496
            ],
            [
              119.8917014,
              -4.9482756
            ],
            [
              119.8917429,
              -4.9484474
            ],
            [
              119.8915832,
              -4.9487562
            ],
            [
              119.8913532,
              -4.949205
            ],
            [
              119.8910465,
              -4.9494692
            ],
            [
              119.8907302,
              -4.9497588
            ],
            [
              119.8904043,
              -4.9499498
            ],
            [
              119.8900081,
              -4.9500707
            ],
            [
              119.8897302,
              -4.9503508
            ],
            [
              119.8894778,
              -4.9508983
            ],
            [
              119.8893851,
              -4.9514935
            ],
            [
              119.8894682,
              -4.9519614
            ],
            [
              119.8895321,
              -4.9522861
            ],
            [
              119.8899187,
              -4.9525089
            ],
            [
              119.8901647,
              -4.9526457
            ],
            [
              119.8902989,
              -4.9530627
            ],
            [
              119.8901455,
              -4.9532728
            ],
            [
              119.8897973,
              -4.9534224
            ],
            [
              119.8895129,
              -4.9536038
            ],
            [
              119.8893085,
              -4.9538871
            ],
            [
              119.8892414,
              -4.9541544
            ],
            [
              119.889072,
              -4.9544791
            ],
            [
              119.8888069,
              -4.9548006
            ],
            [
              119.8885641,
              -4.9550679
            ],
            [
              119.8884426,
              -4.9552812
            ],
            [
              119.8882382,
              -4.9556472
            ],
            [
              119.8880145,
              -4.9559273
            ],
            [
              119.8877014,
              -4.9563379
            ],
            [
              119.8874363,
              -4.9567199
            ],
            [
              119.8871998,
              -4.9570063
            ],
            [
              119.8869673,
              -4.9572438
            ],
            [
              119.8866872,
              -4.9573969
            ],
            [
              119.886511,
              -4.9576624
            ],
            [
              119.8864568,
              -4.958045
            ],
            [
              119.8865336,
              -4.9583151
            ],
            [
              119.8863122,
              -4.9585087
            ],
            [
              119.886023,
              -4.9587157
            ],
            [
              119.8856932,
              -4.9588418
            ],
            [
              119.8855893,
              -4.9590083
            ],
            [
              119.8856028,
              -4.9592064
            ],
            [
              119.885779,
              -4.9594134
            ],
            [
              119.8858965,
              -4.959508
            ],
            [
              119.8860953,
              -4.9596205
            ],
            [
              119.8862399,
              -4.9596655
            ],
            [
              119.8864526,
              -4.9597396
            ],
            [
              119.8865488,
              -4.9597834
            ],
            [
              119.8866373,
              -4.9598609
            ],
            [
              119.8867688,
              -4.960072
            ],
            [
              119.8868653,
              -4.9603445
            ],
            [
              119.8869163,
              -4.9606358
            ],
            [
              119.8869002,
              -4.9610259
            ],
            [
              119.8867553,
              -4.9614107
            ],
            [
              119.886573,
              -4.9617688
            ],
            [
              119.8863423,
              -4.9620307
            ],
            [
              119.8860472,
              -4.9622658
            ],
            [
              119.885779,
              -4.9624261
            ],
            [
              119.8854411,
              -4.9624475
            ],
            [
              119.8851353,
              -4.9623406
            ],
            [
              119.8849153,
              -4.9621696
            ],
            [
              119.884733,
              -4.962052
            ],
            [
              119.8844916,
              -4.9620467
            ],
            [
              119.8843199,
              -4.9621963
            ],
            [
              119.8842984,
              -4.9623727
            ],
            [
              119.8844111,
              -4.9625491
            ],
            [
              119.8846579,
              -4.9627201
            ],
            [
              119.8848456,
              -4.9628857
            ],
            [
              119.8849475,
              -4.9630407
            ],
            [
              119.8850119,
              -4.9632278
            ],
            [
              119.8850334,
              -4.9634629
            ],
            [
              119.8849422,
              -4.9635645
            ],
            [
              119.8847866,
              -4.9637034
            ],
            [
              119.884572,
              -4.9638584
            ],
            [
              119.8843521,
              -4.963992
            ],
            [
              119.8842502,
              -4.9640829
            ],
            [
              119.8842126,
              -4.9642325
            ],
            [
              119.8843092,
              -4.9643501
            ],
            [
              119.8845237,
              -4.9644677
            ],
            [
              119.8847705,
              -4.9645852
            ],
            [
              119.8849529,
              -4.9646761
            ],
            [
              119.8850709,
              -4.9647669
            ],
            [
              119.885146,
              -4.9649005
            ],
            [
              119.8862374,
              -4.9661043
            ],
            [
              119.8865833,
              -4.9681174
            ],
            [
              119.8873129,
              -4.9706612
            ],
            [
              119.8878708,
              -4.9728417
            ],
            [
              119.8890724,
              -4.9761551
            ],
            [
              119.8892226,
              -4.97825
            ],
            [
              119.8886647,
              -4.9805801
            ],
            [
              119.8876348,
              -4.9822902
            ],
            [
              119.8869267,
              -4.9840645
            ],
            [
              119.8849096,
              -4.9903919
            ],
            [
              119.8841586,
              -4.9927005
            ],
            [
              119.8847996,
              -4.9983915
            ],
            [
              119.8839627,
              -5.001491
            ],
            [
              119.8827611,
              -5.0071556
            ],
            [
              119.8817893796762,
              -5.008394689838101
            ],
            [
              119.7371076442298,
              -4.936053822114904
            ]
          ]
        ]
      }
    },
    {
      "type": "Feature",
      "properties": {
        "KECAMATAN": "Kecamatan Cenrana",
        "NAMA_KECAMATAN": "Cenrana",
        "KODE_BPS": "7309120",
        "IBUKOTA": "Bengo",
        "LUAS_KM2": 180.97,
        "PENDUDUK_2023": 15170,
        "LAKI_LAKI": 7560,
        "PEREMPUAN": 7610,
        "RASIO_KELAMIN": 99.3,
        "KEPALA_KELUARGA": 4080,
        "KEPADATAN_KM2": 84,
        "PERTUMBUHAN_PCT": 0.4,
        "DESA_KELURAHAN": 7,
        "SUMBER_DATA": "BPS Maros Dalam Angka 2024",
        "TAHUN_DATA": "2023",
        "KETERANGAN": "Dataran tinggi sejuk. Hutan Pendidikan Bengo-Bengo Fakultas Kehutanan Universitas Hasanuddin (Unhas).",
        "COLOR": "#511845"
      },
      "geometry": {
        "type": "Polygon",
        "coordinates": [
          [
            [
              119.71105769230769,
              -5.0504230769230745
            ],
            [
              119.73476250903258,
              -4.936639956643607
            ],
            [
              119.7348967,
              -4.9366316
            ],
            [
              119.7371076442298,
              -4.936053822114904
            ],
            [
              119.8817893796762,
              -5.008394689838101
            ],
            [
              119.8811518,
              -5.0092077
            ],
            [
              119.8781048,
              -5.0125209
            ],
            [
              119.8762809,
              -5.0144661
            ],
            [
              119.8751007,
              -5.0169029
            ],
            [
              119.8725902,
              -5.0197672
            ],
            [
              119.8715602,
              -5.0217978
            ],
            [
              119.8686849,
              -5.0238499
            ],
            [
              119.8655306,
              -5.0260729
            ],
            [
              119.862548,
              -5.0289371
            ],
            [
              119.8592006,
              -5.0308609
            ],
            [
              119.8567329,
              -5.032635
            ],
            [
              119.8526131,
              -5.0380215
            ],
            [
              119.8491584,
              -5.0419117
            ],
            [
              119.8456393,
              -5.0459087
            ],
            [
              119.8448025,
              -5.0502264
            ],
            [
              119.8452293,
              -5.053316
            ],
            [
              119.8452531,
              -5.0560188
            ],
            [
              119.8469972,
              -5.0603551
            ],
            [
              119.8487322,
              -5.0621676
            ],
            [
              119.8515919,
              -5.0635214
            ],
            [
              119.8523705,
              -5.0654251
            ],
            [
              119.8535031,
              -5.0681185
            ],
            [
              119.8545082,
              -5.0718271
            ],
            [
              119.855044,
              -5.0741337
            ],
            [
              119.8554946,
              -5.0762283
            ],
            [
              119.8561813,
              -5.0785152
            ],
            [
              119.85837,
              -5.0828968
            ],
            [
              119.8590995,
              -5.0843929
            ],
            [
              119.8600651,
              -5.0872996
            ],
            [
              119.8608376,
              -5.0892446
            ],
            [
              119.8621036,
              -5.0910827
            ],
            [
              119.8628761,
              -5.0917666
            ],
            [
              119.8635627,
              -5.0918307
            ],
            [
              119.8646142,
              -5.0917452
            ],
            [
              119.8640992,
              -5.0937971
            ],
            [
              119.8632409,
              -5.097174
            ],
            [
              119.8622967,
              -5.1018332
            ],
            [
              119.8607303,
              -5.1042911
            ],
            [
              119.8600866,
              -5.1053811
            ],
            [
              119.8590566,
              -5.107903
            ],
            [
              119.85859783827739,
              -5.109439135310962
            ],
            [
              119.71105769230769,
              -5.0504230769230745
            ]
          ]
        ]
      }
    },
    {
      "type": "Feature",
      "properties": {
        "KECAMATAN": "Kecamatan Mallawa",
        "NAMA_KECAMATAN": "Mallawa",
        "KODE_BPS": "7309130",
        "IBUKOTA": "Ladange",
        "LUAS_KM2": 235.92,
        "PENDUDUK_2023": 12688,
        "LAKI_LAKI": 6340,
        "PEREMPUAN": 6348,
        "RASIO_KELAMIN": 99.9,
        "KEPALA_KELUARGA": 3430,
        "KEPADATAN_KM2": 54,
        "PERTUMBUHAN_PCT": 0.1,
        "DESA_KELURAHAN": 11,
        "SUMBER_DATA": "BPS Maros Dalam Angka 2024",
        "TAHUN_DATA": "2023",
        "KETERANGAN": "Kecamatan terpencil berbatasan Kabupaten Bone. Kawasan hutan pinus dan pertanian pegunungan tradisional.",
        "COLOR": "#0077b6"
      },
      "geometry": {
        "type": "Polygon",
        "coordinates": [
          [
            [
              119.80501133788091,
              -4.838340891920609
            ],
            [
              119.8049563,
              -4.8381689
            ],
            [
              119.8052567,
              -4.83571
            ],
            [
              119.8051494,
              -4.833294
            ],
            [
              119.8049134,
              -4.8311558
            ],
            [
              119.8047203,
              -4.8294667
            ],
            [
              119.8053855,
              -4.8280769
            ],
            [
              119.805879,
              -4.8265588
            ],
            [
              119.8065013,
              -4.8261953
            ],
            [
              119.8083543,
              -4.8250501
            ],
            [
              119.8101782,
              -4.8235961
            ],
            [
              119.8108434,
              -4.8218642
            ],
            [
              119.8106717,
              -4.8204744
            ],
            [
              119.8103713,
              -4.8187638
            ],
            [
              119.8095774,
              -4.8175878
            ],
            [
              119.8090838,
              -4.8163049
            ],
            [
              119.8080968,
              -4.8145088
            ],
            [
              119.8077105,
              -4.8120285
            ],
            [
              119.8065733,
              -4.8100827
            ],
            [
              119.80667,
              -4.8088444
            ],
            [
              119.8067235,
              -4.8081584
            ],
            [
              119.8079251,
              -4.8065761
            ],
            [
              119.8085259,
              -4.8045875
            ],
            [
              119.8094915,
              -4.8024065
            ],
            [
              119.8109721,
              -4.8000545
            ],
            [
              119.8120021,
              -4.7971892
            ],
            [
              119.8130964,
              -4.7946233
            ],
            [
              119.8138045,
              -4.7925278
            ],
            [
              119.813826,
              -4.791587
            ],
            [
              119.8122167,
              -4.7902826
            ],
            [
              119.8111867,
              -4.7887858
            ],
            [
              119.8112081,
              -4.7876312
            ],
            [
              119.811294,
              -4.7861558
            ],
            [
              119.8113583,
              -4.783376
            ],
            [
              119.8123454,
              -4.7824565
            ],
            [
              119.8131179,
              -4.7809597
            ],
            [
              119.8140191,
              -4.7802113
            ],
            [
              119.8147487,
              -4.7789283
            ],
            [
              119.8142766,
              -4.7771321
            ],
            [
              119.8126673,
              -4.7748869
            ],
            [
              119.8124741,
              -4.7733045
            ],
            [
              119.8124527,
              -4.7717008
            ],
            [
              119.8120235,
              -4.7699474
            ],
            [
              119.8117446,
              -4.7678304
            ],
            [
              119.8123025,
              -4.7641311
            ],
            [
              119.8134397,
              -4.7621638
            ],
            [
              119.8150705,
              -4.7606028
            ],
            [
              119.8169803,
              -4.7576518
            ],
            [
              119.81992,
              -4.7547864
            ],
            [
              119.8233746,
              -4.7523059
            ],
            [
              119.827516,
              -4.7502958
            ],
            [
              119.8293184,
              -4.7491197
            ],
            [
              119.8332237,
              -4.7493977
            ],
            [
              119.836378,
              -4.749248
            ],
            [
              119.8388242,
              -4.7469813
            ],
            [
              119.8394035,
              -4.7452491
            ],
            [
              119.8405837,
              -4.7440089
            ],
            [
              119.8429011,
              -4.74279
            ],
            [
              119.8446392,
              -4.7428541
            ],
            [
              119.8476647,
              -4.7437095
            ],
            [
              119.8516988,
              -4.7435598
            ],
            [
              119.8541449,
              -4.743346
            ],
            [
              119.8556542,
              -4.7452705
            ],
            [
              119.8580789,
              -4.7483712
            ],
            [
              119.8609113,
              -4.7527335
            ],
            [
              119.8636579,
              -4.7528619
            ],
            [
              119.8662543,
              -4.7484354
            ],
            [
              119.8668336,
              -4.7453133
            ],
            [
              119.8677349,
              -4.7427258
            ],
            [
              119.8691081,
              -4.7390905
            ],
            [
              119.8705029,
              -4.7383848
            ],
            [
              119.8718762,
              -4.7344073
            ],
            [
              119.8746442,
              -4.7315632
            ],
            [
              119.8781633,
              -4.7302159
            ],
            [
              119.8798584,
              -4.7284196
            ],
            [
              119.8797726,
              -4.7261956
            ],
            [
              119.8806309,
              -4.7236508
            ],
            [
              119.8820686,
              -4.7223036
            ],
            [
              119.8834848,
              -4.7190852
            ],
            [
              119.8882599,
              -4.7228877
            ],
            [
              119.8890809,
              -4.723904
            ],
            [
              119.8900894,
              -4.7248235
            ],
            [
              119.8930077,
              -4.7258928
            ],
            [
              119.8965053,
              -4.7264274
            ],
            [
              119.8980717,
              -4.7273683
            ],
            [
              119.8988871,
              -4.7292715
            ],
            [
              119.9009405,
              -4.7313777
            ],
            [
              119.9026318,
              -4.7311346
            ],
            [
              119.9048922,
              -4.7317018
            ],
            [
              119.9068598,
              -4.7319287
            ],
            [
              119.9093317,
              -4.7313615
            ],
            [
              119.9105676,
              -4.7315721
            ],
            [
              119.9130231,
              -4.7339545
            ],
            [
              119.915625,
              -4.7360289
            ],
            [
              119.9172674,
              -4.7377306
            ],
            [
              119.9195116,
              -4.7395619
            ],
            [
              119.9212191,
              -4.7421711
            ],
            [
              119.9231217,
              -4.7447641
            ],
            [
              119.9232681,
              -4.7460444
            ],
            [
              119.9232248,
              -4.7468811
            ],
            [
              119.9233819,
              -4.747195
            ],
            [
              119.9240974,
              -4.7488642
            ],
            [
              119.9245882,
              -4.7490335
            ],
            [
              119.9246307,
              -4.749358
            ],
            [
              119.9250696,
              -4.7495555
            ],
            [
              119.9256995,
              -4.7497389
            ],
            [
              119.92628,
              -4.7501904
            ],
            [
              119.9266934,
              -4.7505415
            ],
            [
              119.9272433,
              -4.7511269
            ],
            [
              119.9279353,
              -4.7515946
            ],
            [
              119.9284449,
              -4.7520891
            ],
            [
              119.9287292,
              -4.7522468
            ],
            [
              119.9289545,
              -4.7523698
            ],
            [
              119.9293381,
              -4.7527681
            ],
            [
              119.9295473,
              -4.7528536
            ],
            [
              119.9297807,
              -4.753161
            ],
            [
              119.9299711,
              -4.7534016
            ],
            [
              119.9301374,
              -4.753733
            ],
            [
              119.9303091,
              -4.7539175
            ],
            [
              119.9305183,
              -4.7540431
            ],
            [
              119.9306738,
              -4.7539816
            ],
            [
              119.930816,
              -4.753872
            ],
            [
              119.9309742,
              -4.7538105
            ],
            [
              119.9311003,
              -4.7538079
            ],
            [
              119.9312398,
              -4.7538186
            ],
            [
              119.9313873,
              -4.7538693
            ],
            [
              119.9314839,
              -4.7540859
            ],
            [
              119.9315268,
              -4.754281
            ],
            [
              119.9313873,
              -4.7544494
            ],
            [
              119.9312049,
              -4.7546338
            ],
            [
              119.931111,
              -4.7547862
            ],
            [
              119.9311298,
              -4.7548984
            ],
            [
              119.9313363,
              -4.7548717
            ],
            [
              119.9314973,
              -4.7548129
            ],
            [
              119.9317011,
              -4.7547701
            ],
            [
              119.9318755,
              -4.7547915
            ],
            [
              119.93209,
              -4.7549011
            ],
            [
              119.9324682,
              -4.7550321
            ],
            [
              119.9328786,
              -4.7551738
            ],
            [
              119.933179,
              -4.7554063
            ],
            [
              119.9333453,
              -4.7555319
            ],
            [
              119.9335036,
              -4.7555827
            ],
            [
              119.9337074,
              -4.7556121
            ],
            [
              119.9339059,
              -4.755695
            ],
            [
              119.9341419,
              -4.755965
            ],
            [
              119.9344209,
              -4.7562189
            ],
            [
              119.9346301,
              -4.7563766
            ],
            [
              119.9349546,
              -4.7566867
            ],
            [
              119.9352229,
              -4.7568978
            ],
            [
              119.9353382,
              -4.7570154
            ],
            [
              119.9355876,
              -4.7570876
            ],
            [
              119.9357539,
              -4.7571437
            ],
            [
              119.9359283,
              -4.7571919
            ],
            [
              119.936049,
              -4.7573041
            ],
            [
              119.9361402,
              -4.7574565
            ],
            [
              119.936167,
              -4.7576837
            ],
            [
              119.9362045,
              -4.7578922
            ],
            [
              119.9362555,
              -4.7580739
            ],
            [
              119.9365264,
              -4.7581621
            ],
            [
              119.9369672,
              -4.7582988
            ],
            [
              119.9375383,
              -4.7582147
            ],
            [
              119.9379338,
              -4.7580796
            ],
            [
              119.9380693,
              -4.7580043
            ],
            [
              119.9384648,
              -4.7578026
            ],
            [
              119.9388309,
              -4.7577463
            ],
            [
              119.9392365,
              -4.7578837
            ],
            [
              119.9394879,
              -4.7581781
            ],
            [
              119.939777,
              -4.7585852
            ],
            [
              119.9401792,
              -4.7589735
            ],
            [
              119.9407323,
              -4.7586729
            ],
            [
              119.9411722,
              -4.7584913
            ],
            [
              119.9414236,
              -4.7586729
            ],
            [
              119.9415555,
              -4.7588107
            ],
            [
              119.9418587,
              -4.7591212
            ],
            [
              119.9422053,
              -4.7593737
            ],
            [
              119.9426853,
              -4.7596305
            ],
            [
              119.9434807,
              -4.7594977
            ],
            [
              119.9440597,
              -4.7596089
            ],
            [
              119.944751,
              -4.7595588
            ],
            [
              119.9452326,
              -4.7601673
            ],
            [
              119.9454626,
              -4.7604723
            ],
            [
              119.9458069,
              -4.7605037
            ],
            [
              119.9463374,
              -4.7604333
            ],
            [
              119.9476671,
              -4.7607989
            ],
            [
              119.9481084,
              -4.7610791
            ],
            [
              119.9506628,
              -4.7634862
            ],
            [
              119.9536876,
              -4.7660143
            ],
            [
              119.9588914,
              -4.769223
            ],
            [
              119.9641277,
              -4.7718969
            ],
            [
              119.9677703,
              -4.7740847
            ],
            [
              119.969982,
              -4.7769206
            ],
            [
              119.9699494,
              -4.7775202
            ],
            [
              119.9712179,
              -4.778136
            ],
            [
              119.9713642,
              -4.7789139
            ],
            [
              119.9726164,
              -4.7791408
            ],
            [
              119.9744757,
              -4.7795499
            ],
            [
              119.9754525,
              -4.7804669
            ],
            [
              119.9759301,
              -4.7809074
            ],
            [
              119.9758758,
              -4.7812154
            ],
            [
              119.9758523,
              -4.781329
            ],
            [
              119.9758121,
              -4.7814947
            ],
            [
              119.9757618,
              -4.7816698
            ],
            [
              119.9757356,
              -4.7817914
            ],
            [
              119.9757054,
              -4.781879
            ],
            [
              119.97568,
              -4.7819424
            ],
            [
              119.9756505,
              -4.7820053
            ],
            [
              119.9756256,
              -4.7820473
            ],
            [
              119.9755948,
              -4.7820908
            ],
            [
              119.9755539,
              -4.7821409
            ],
            [
              119.9752931,
              -4.7824596
            ],
            [
              119.9749812,
              -4.7828546
            ],
            [
              119.9747392,
              -4.7831379
            ],
            [
              119.974422,
              -4.7835301
            ],
            [
              119.9740807,
              -4.7839404
            ],
            [
              119.9736013,
              -4.784487
            ],
            [
              119.9735624,
              -4.7845284
            ],
            [
              119.9735329,
              -4.7845538
            ],
            [
              119.9734879,
              -4.7845886
            ],
            [
              119.9734209,
              -4.7846233
            ],
            [
              119.9728189,
              -4.7848481
            ],
            [
              119.9725746,
              -4.7849316
            ],
            [
              119.9724607,
              -4.7849841
            ],
            [
              119.9723943,
              -4.7850336
            ],
            [
              119.9723352,
              -4.7850797
            ],
            [
              119.9722655,
              -4.7851499
            ],
            [
              119.9722072,
              -4.7852294
            ],
            [
              119.9721783,
              -4.7852722
            ],
            [
              119.9721549,
              -4.7853216
            ],
            [
              119.9721354,
              -4.7853844
            ],
            [
              119.9720865,
              -4.7855688
            ],
            [
              119.9720462,
              -4.7857513
            ],
            [
              119.9720154,
              -4.7858375
            ],
            [
              119.9719316,
              -4.7860333
            ],
            [
              119.9718679,
              -4.7861602
            ],
            [
              119.9717885,
              -4.7862871
            ],
            [
              119.9717411,
              -4.786352
            ],
            [
              119.9717063,
              -4.7863948
            ],
            [
              119.9716875,
              -4.7864181
            ],
            [
              119.9716466,
              -4.7864576
            ],
            [
              119.9715936,
              -4.7864977
            ],
            [
              119.971536,
              -4.7865271
            ],
            [
              119.9712262,
              -4.7866373
            ],
            [
              119.9708667,
              -4.7867583
            ],
            [
              119.9707715,
              -4.786803
            ],
            [
              119.9707058,
              -4.7868458
            ],
            [
              119.9706468,
              -4.7868986
            ],
            [
              119.9705911,
              -4.7869634
            ],
            [
              119.9703806,
              -4.7872781
            ],
            [
              119.9701499,
              -4.7876503
            ],
            [
              119.9700232,
              -4.7878548
            ],
            [
              119.9698777,
              -4.7880599
            ],
            [
              119.9698395,
              -4.7881214
            ],
            [
              119.9698026,
              -4.7881662
            ],
            [
              119.9697416,
              -4.7882263
            ],
            [
              119.9694251,
              -4.7884575
            ],
            [
              119.9693533,
              -4.788515
            ],
            [
              119.968896,
              -4.7889019
            ],
            [
              119.9688034,
              -4.7889761
            ],
            [
              119.9687223,
              -4.7890182
            ],
            [
              119.9686486,
              -4.7890476
            ],
            [
              119.9685735,
              -4.7890609
            ],
            [
              119.9684326,
              -4.7890743
            ],
            [
              119.9682637,
              -4.789079
            ],
            [
              119.9679746,
              -4.7890997
            ],
            [
              119.9679096,
              -4.7891077
            ],
            [
              119.9678539,
              -4.7891207
            ],
            [
              119.967803,
              -4.7891364
            ],
            [
              119.9677547,
              -4.7891558
            ],
            [
              119.9676843,
              -4.7891852
            ],
            [
              119.9673986,
              -4.7893242
            ],
            [
              119.9672042,
              -4.7894084
            ],
            [
              119.9669762,
              -4.7894872
            ],
            [
              119.9668676,
              -4.789526
            ],
            [
              119.9668065,
              -4.7895414
            ],
            [
              119.9667544,
              -4.7895407
            ],
            [
              119.9666651,
              -4.7895354
            ],
            [
              119.9661447,
              -4.7894445
            ],
            [
              119.9657391,
              -4.7893605
            ],
            [
              119.9655472,
              -4.7893302
            ],
            [
              119.9654607,
              -4.7893329
            ],
            [
              119.9653901,
              -4.7893405
            ],
            [
              119.9653079,
              -4.789363
            ],
            [
              119.9652362,
              -4.7893983
            ],
            [
              119.9637736,
              -4.7902677
            ],
            [
              119.963667,
              -4.7903271
            ],
            [
              119.9636033,
              -4.7903626
            ],
            [
              119.9634799,
              -4.7904348
            ],
            [
              119.9633405,
              -4.7905043
            ],
            [
              119.9632748,
              -4.7905256
            ],
            [
              119.9632104,
              -4.7905297
            ],
            [
              119.9631406,
              -4.7905283
            ],
            [
              119.9630588,
              -4.7905243
            ],
            [
              119.9629515,
              -4.7905096
            ],
            [
              119.9624198,
              -4.7904074
            ],
            [
              119.9619318,
              -4.7902923
            ],
            [
              119.9616922,
              -4.7902437
            ],
            [
              119.9615058,
              -4.7902196
            ],
            [
              119.9614052,
              -4.7902196
            ],
            [
              119.9613181,
              -4.790229
            ],
            [
              119.9612309,
              -4.7902557
            ],
            [
              119.9611437,
              -4.7903011
            ],
            [
              119.9607709,
              -4.7905163
            ],
            [
              119.9606623,
              -4.7905751
            ],
            [
              119.9605443,
              -4.7906192
            ],
            [
              119.9600105,
              -4.7908143
            ],
            [
              119.9598026,
              -4.7908958
            ],
            [
              119.9597369,
              -4.7909092
            ],
            [
              119.9596873,
              -4.7909172
            ],
            [
              119.9596108,
              -4.7909212
            ],
            [
              119.9593601,
              -4.7909184
            ],
            [
              119.9592541,
              -4.7909252
            ],
            [
              119.9591619,
              -4.7909384
            ],
            [
              119.9590757,
              -4.790968
            ],
            [
              119.9589866,
              -4.7910088
            ],
            [
              119.9588815,
              -4.7910655
            ],
            [
              119.9582832,
              -4.7914251
            ],
            [
              119.9577065,
              -4.7918206
            ],
            [
              119.9571137,
              -4.7922483
            ],
            [
              119.9570319,
              -4.7923004
            ],
            [
              119.9569541,
              -4.7923338
            ],
            [
              119.9568656,
              -4.7923565
            ],
            [
              119.9566054,
              -4.7923953
            ],
            [
              119.9563879,
              -4.7923967
            ],
            [
              119.9563198,
              -4.7923926
            ],
            [
              119.9562656,
              -4.7923841
            ],
            [
              119.9561977,
              -4.7923652
            ],
            [
              119.9561464,
              -4.7923442
            ],
            [
              119.9559895,
              -4.7922751
            ],
            [
              119.9558846,
              -4.792257
            ],
            [
              119.9557956,
              -4.7922531
            ],
            [
              119.9557136,
              -4.7922516
            ],
            [
              119.9556058,
              -4.7922615
            ],
            [
              119.955039,
              -4.7923779
            ],
            [
              119.9543551,
              -4.7925196
            ],
            [
              119.9540733,
              -4.7925982
            ],
            [
              119.9539802,
              -4.7926318
            ],
            [
              119.9539034,
              -4.7926721
            ],
            [
              119.9538307,
              -4.792714
            ],
            [
              119.9537489,
              -4.7927682
            ],
            [
              119.9535638,
              -4.7929272
            ],
            [
              119.953486,
              -4.7929833
            ],
            [
              119.9534128,
              -4.7930165
            ],
            [
              119.9532661,
              -4.7930541
            ],
            [
              119.9530207,
              -4.7931236
            ],
            [
              119.9529107,
              -4.7931544
            ],
            [
              119.9527068,
              -4.7931998
            ],
            [
              119.952617,
              -4.7932279
            ],
            [
              119.9525365,
              -4.793264
            ],
            [
              119.9524842,
              -4.7932947
            ],
            [
              119.9524306,
              -4.7933335
            ],
            [
              119.9519384,
              -4.793717
            ],
            [
              119.9514087,
              -4.7941701
            ],
            [
              119.9510224,
              -4.7944748
            ],
            [
              119.9509433,
              -4.7945429
            ],
            [
              119.9508923,
              -4.7946044
            ],
            [
              119.9508481,
              -4.7946659
            ],
            [
              119.9508119,
              -4.7947474
            ],
            [
              119.950781,
              -4.7948236
            ],
            [
              119.9507502,
              -4.7949184
            ],
            [
              119.9505825,
              -4.7956214
            ],
            [
              119.9504243,
              -4.796299
            ],
            [
              119.9503867,
              -4.7964633
            ],
            [
              119.9503613,
              -4.7965328
            ],
            [
              119.950325,
              -4.7966077
            ],
            [
              119.9501668,
              -4.7968148
            ],
            [
              119.9498543,
              -4.7971984
            ],
            [
              119.9495767,
              -4.7975418
            ],
            [
              119.9494828,
              -4.797638
            ],
            [
              119.9492616,
              -4.7978251
            ],
            [
              119.949102,
              -4.7979628
            ],
            [
              119.9489719,
              -4.7980831
            ],
            [
              119.948823,
              -4.7982287
            ],
            [
              119.9487479,
              -4.7982969
            ],
            [
              119.9486889,
              -4.798357
            ],
            [
              119.9486379,
              -4.7984185
            ],
            [
              119.9485843,
              -4.7984853
            ],
            [
              119.9485078,
              -4.7985936
            ],
            [
              119.9484274,
              -4.7987366
            ],
            [
              119.9483402,
              -4.7988902
            ],
            [
              119.948292,
              -4.7989771
            ],
            [
              119.9480264,
              -4.7993433
            ],
            [
              119.947722,
              -4.7997803
            ],
            [
              119.9476066,
              -4.799954
            ],
            [
              119.9475262,
              -4.8000984
            ],
            [
              119.9474309,
              -4.8003255
            ],
            [
              119.9471869,
              -4.8009349
            ],
            [
              119.9469146,
              -4.8015938
            ],
            [
              119.9467483,
              -4.802
            ],
            [
              119.946692,
              -4.8021163
            ],
            [
              119.9465887,
              -4.8023863
            ],
            [
              119.9459986,
              -4.8040528
            ],
            [
              119.9458927,
              -4.804328
            ],
            [
              119.9456862,
              -4.8047838
            ],
            [
              119.9455333,
              -4.8051579
            ],
            [
              119.9450652,
              -4.8064315
            ],
            [
              119.94462,
              -4.8075367
            ],
            [
              119.9445717,
              -4.8076931
            ],
            [
              119.9445516,
              -4.8078254
            ],
            [
              119.9445529,
              -4.8079457
            ],
            [
              119.94462,
              -4.8084989
            ],
            [
              119.9446441,
              -4.8087916
            ],
            [
              119.9446401,
              -4.8090014
            ],
            [
              119.9446347,
              -4.8091444
            ],
            [
              119.944628,
              -4.809278
            ],
            [
              119.9446039,
              -4.8095212
            ],
            [
              119.944569,
              -4.8097765
            ],
            [
              119.944502,
              -4.8101707
            ],
            [
              119.944388,
              -4.8108884
            ],
            [
              119.9442807,
              -4.8116341
            ],
            [
              119.9442257,
              -4.8121579
            ],
            [
              119.9442257,
              -4.8122849
            ],
            [
              119.9442284,
              -4.8123878
            ],
            [
              119.9442404,
              -4.812464
            ],
            [
              119.9442793,
              -4.8126056
            ],
            [
              119.9445087,
              -4.8131509
            ],
            [
              119.9446696,
              -4.813521
            ],
            [
              119.9448439,
              -4.8139139
            ],
            [
              119.9449955,
              -4.8142373
            ],
            [
              119.9451309,
              -4.8144859
            ],
            [
              119.945721,
              -4.815416
            ],
            [
              119.9464144,
              -4.8165533
            ],
            [
              119.9466196,
              -4.8169154
            ],
            [
              119.9466611,
              -4.8170023
            ],
            [
              119.9467027,
              -4.8171052
            ],
            [
              119.9467349,
              -4.8172081
            ],
            [
              119.9467644,
              -4.8173337
            ],
            [
              119.9467845,
              -4.8175248
            ],
            [
              119.9467939,
              -4.8176624
            ],
            [
              119.9467885,
              -4.8178255
            ],
            [
              119.9467805,
              -4.8180152
            ],
            [
              119.9467792,
              -4.818662
            ],
            [
              119.9467671,
              -4.8188037
            ],
            [
              119.9467523,
              -4.8188812
            ],
            [
              119.9467041,
              -4.8189868
            ],
            [
              119.9464694,
              -4.8193703
            ],
            [
              119.9460416,
              -4.8201347
            ],
            [
              119.945603,
              -4.8208964
            ],
            [
              119.9453851,
              -4.8212225
            ],
            [
              119.9452624,
              -4.8213876
            ],
            [
              119.9449378,
              -4.8218225
            ],
            [
              119.9446227,
              -4.8221954
            ],
            [
              119.9440272,
              -4.8229571
            ],
            [
              119.9439293,
              -4.8231081
            ],
            [
              119.943881,
              -4.8231763
            ],
            [
              119.9438596,
              -4.8232431
            ],
            [
              119.9438529,
              -4.8233059
            ],
            [
              119.9438582,
              -4.8233928
            ],
            [
              119.9439253,
              -4.823799
            ],
            [
              119.943932,
              -4.8239019
            ],
            [
              119.9439226,
              -4.8239634
            ],
            [
              119.9439119,
              -4.824097
            ],
            [
              119.9438636,
              -4.8242707
            ],
            [
              119.9438193,
              -4.8244244
            ],
            [
              119.9437925,
              -4.8245861
            ],
            [
              119.9437429,
              -4.8248534
            ],
            [
              119.9437147,
              -4.824975
            ],
            [
              119.9436718,
              -4.8250685
            ],
            [
              119.9435417,
              -4.8253064
            ],
            [
              119.9434344,
              -4.8255309
            ],
            [
              119.9434023,
              -4.8256512
            ],
            [
              119.9433835,
              -4.8257581
            ],
            [
              119.9433768,
              -4.8258236
            ],
            [
              119.9433875,
              -4.8258864
            ],
            [
              119.9434016,
              -4.8259619
            ],
            [
              119.9434398,
              -4.8260427
            ],
            [
              119.9434935,
              -4.8261309
            ],
            [
              119.9435672,
              -4.8262098
            ],
            [
              119.9437711,
              -4.8263581
            ],
            [
              119.9439253,
              -4.8264664
            ],
            [
              119.943987,
              -4.8265118
            ],
            [
              119.9440353,
              -4.826588
            ],
            [
              119.9440742,
              -4.8266548
            ],
            [
              119.9441023,
              -4.8267163
            ],
            [
              119.9441251,
              -4.8267844
            ],
            [
              119.9441332,
              -4.8268593
            ],
            [
              119.9441358,
              -4.8269515
            ],
            [
              119.9441251,
              -4.8270343
            ],
            [
              119.944109,
              -4.8271225
            ],
            [
              119.9440607,
              -4.8272488
            ],
            [
              119.9440232,
              -4.827339
            ],
            [
              119.9439796,
              -4.8274493
            ],
            [
              119.9439246,
              -4.8275475
            ],
            [
              119.9437208,
              -4.8277974
            ],
            [
              119.9434291,
              -4.8280967
            ],
            [
              119.943075,
              -4.8284308
            ],
            [
              119.9429168,
              -4.8285952
            ],
            [
              119.9427961,
              -4.8287288
            ],
            [
              119.9426365,
              -4.8289199
            ],
            [
              119.9425802,
              -4.8290041
            ],
            [
              119.9425265,
              -4.829095
            ],
            [
              119.9424731,
              -4.8292077
            ],
            [
              119.9424414,
              -4.829272
            ],
            [
              119.9424078,
              -4.8293482
            ],
            [
              119.9423656,
              -4.8294815
            ],
            [
              119.9423374,
              -4.8296509
            ],
            [
              119.9423146,
              -4.829834
            ],
            [
              119.9422828,
              -4.8302456
            ],
            [
              119.9422717,
              -4.8305182
            ],
            [
              119.9422957,
              -4.8308106
            ],
            [
              119.9422992,
              -4.8308649
            ],
            [
              119.9422992,
              -4.8309471
            ],
            [
              119.9422937,
              -4.8310355
            ],
            [
              119.9420281,
              -4.8320279
            ],
            [
              119.9419606,
              -4.8323142
            ],
            [
              119.9419123,
              -4.8326269
            ],
            [
              119.9418747,
              -4.832953
            ],
            [
              119.9418051,
              -4.8332397
            ],
            [
              119.9417406,
              -4.8334671
            ],
            [
              119.9416468,
              -4.8336505
            ],
            [
              119.9415398,
              -4.8338393
            ],
            [
              119.9414012,
              -4.8341377
            ],
            [
              119.941332,
              -4.8343964
            ],
            [
              119.9411398,
              -4.8356186
            ],
            [
              119.9410872,
              -4.8359275
            ],
            [
              119.9410761,
              -4.8359931
            ],
            [
              119.9410513,
              -4.8360813
            ],
            [
              119.9410141,
              -4.8361897
            ],
            [
              119.940936,
              -4.8363967
            ],
            [
              119.9408753,
              -4.8365199
            ],
            [
              119.9407066,
              -4.8368831
            ],
            [
              119.9405162,
              -4.8372667
            ],
            [
              119.9401016,
              -4.8380344
            ],
            [
              119.9399391,
              -4.8383446
            ],
            [
              119.9397347,
              -4.8387003
            ],
            [
              119.9396217,
              -4.838905
            ],
            [
              119.9395355,
              -4.8390464
            ],
            [
              119.9394554,
              -4.8391776
            ],
            [
              119.939383,
              -4.8392711
            ],
            [
              119.9392261,
              -4.8394903
            ],
            [
              119.9390987,
              -4.8396774
            ],
            [
              119.9388854,
              -4.8400101
            ],
            [
              119.9387071,
              -4.840256
            ],
            [
              119.9386212,
              -4.8403496
            ],
            [
              119.9385032,
              -4.8404605
            ],
            [
              119.9383007,
              -4.8406248
            ],
            [
              119.9379627,
              -4.8409055
            ],
            [
              119.9378139,
              -4.8410605
            ],
            [
              119.9377522,
              -4.8411206
            ],
            [
              119.9377052,
              -4.8411941
            ],
            [
              119.9376744,
              -4.8412502
            ],
            [
              119.9376503,
              -4.8413157
            ],
            [
              119.9376234,
              -4.8414213
            ],
            [
              119.9375792,
              -4.8416458
            ],
            [
              119.9375564,
              -4.8417554
            ],
            [
              119.9375296,
              -4.8418502
            ],
            [
              119.9375014,
              -4.8419157
            ],
            [
              119.9374692,
              -4.8419718
            ],
            [
              119.9374223,
              -4.84204
            ],
            [
              119.9373512,
              -4.8421469
            ],
            [
              119.93715,
              -4.8424189
            ],
            [
              119.9370374,
              -4.8425932
            ],
            [
              119.9367705,
              -4.8430476
            ],
            [
              119.9367397,
              -4.8430877
            ],
            [
              119.9367088,
              -4.8431291
            ],
            [
              119.9366485,
              -4.8431866
            ],
            [
              119.9365962,
              -4.843236
            ],
            [
              119.9362662,
              -4.8434458
            ],
            [
              119.9359779,
              -4.8435754
            ],
            [
              119.9359015,
              -4.8435875
            ],
            [
              119.9358505,
              -4.8435935
            ],
            [
              119.9358049,
              -4.8435933
            ],
            [
              119.9357704,
              -4.8435898
            ],
            [
              119.9357439,
              -4.8435821
            ],
            [
              119.9356855,
              -4.8435567
            ],
            [
              119.9356349,
              -4.8435233
            ],
            [
              119.9353998,
              -4.8433886
            ],
            [
              119.9353295,
              -4.8433536
            ],
            [
              119.9352604,
              -4.8433402
            ],
            [
              119.9352095,
              -4.8433349
            ],
            [
              119.935137,
              -4.8433442
            ],
            [
              119.935082,
              -4.8433576
            ],
            [
              119.9350043,
              -4.8433937
            ],
            [
              119.9349238,
              -4.8434471
            ],
            [
              119.9348393,
              -4.8435059
            ],
            [
              119.9347655,
              -4.8435781
            ],
            [
              119.9346945,
              -4.8436743
            ],
            [
              119.9346314,
              -4.8437385
            ],
            [
              119.9346008,
              -4.8437787
            ],
            [
              119.9345684,
              -4.8438213
            ],
            [
              119.9343552,
              -4.8441581
            ],
            [
              119.9342023,
              -4.8444748
            ],
            [
              119.9341634,
              -4.8445215
            ],
            [
              119.9341165,
              -4.8445964
            ],
            [
              119.9340574,
              -4.8446578
            ],
            [
              119.9339904,
              -4.8447247
            ],
            [
              119.9339274,
              -4.8447754
            ],
            [
              119.9335974,
              -4.8450293
            ],
            [
              119.9332676,
              -4.8452503
            ],
            [
              119.9329966,
              -4.8454182
            ],
            [
              119.9327744,
              -4.8455409
            ],
            [
              119.9325742,
              -4.8456267
            ],
            [
              119.9324072,
              -4.8456915
            ],
            [
              119.9322382,
              -4.8457416
            ],
            [
              119.9319664,
              -4.845814
            ],
            [
              119.9318889,
              -4.8458445
            ],
            [
              119.9318221,
              -4.8458809
            ],
            [
              119.9315858,
              -4.8460409
            ],
            [
              119.9313846,
              -4.8461545
            ],
            [
              119.9312974,
              -4.8461973
            ],
            [
              119.931221,
              -4.8462213
            ],
            [
              119.9311173,
              -4.8462383
            ],
            [
              119.9309657,
              -4.8462589
            ],
            [
              119.9308305,
              -4.8463589
            ],
            [
              119.9305101,
              -4.8471755
            ],
            [
              119.9298815,
              -4.8478878
            ],
            [
              119.9291667,
              -4.8491894
            ],
            [
              119.9285998,
              -4.8498648
            ],
            [
              119.928076,
              -4.8501718
            ],
            [
              119.9277926,
              -4.8507552
            ],
            [
              119.9274167,
              -4.8511481
            ],
            [
              119.9270732,
              -4.8522068
            ],
            [
              119.9241411,
              -4.8557641
            ],
            [
              119.9228076,
              -4.8579192
            ],
            [
              119.9178152,
              -4.8663611
            ],
            [
              119.9175875,
              -4.8669445
            ],
            [
              119.9192137,
              -4.8683865
            ],
            [
              119.9203033,
              -4.8685162
            ],
            [
              119.9237508,
              -4.870817
            ],
            [
              119.9294361,
              -4.8731567
            ],
            [
              119.930981,
              -4.8740974
            ],
            [
              119.9329258,
              -4.8747353
            ],
            [
              119.9330252,
              -4.8757749
            ],
            [
              119.9333007,
              -4.876414
            ],
            [
              119.933373,
              -4.8770935
            ],
            [
              119.9336892,
              -4.8779486
            ],
            [
              119.9336033,
              -4.8785382
            ],
            [
              119.9336439,
              -4.8788193
            ],
            [
              119.933727,
              -4.8791884
            ],
            [
              119.9340336,
              -4.8796531
            ],
            [
              119.934206,
              -4.8804868
            ],
            [
              119.9344935,
              -4.8813652
            ],
            [
              119.9347043,
              -4.8824472
            ],
            [
              119.9347298,
              -4.88295
            ],
            [
              119.9346724,
              -4.8838092
            ],
            [
              119.934353,
              -4.8842356
            ],
            [
              119.9339505,
              -4.8845284
            ],
            [
              119.9335034,
              -4.884993
            ],
            [
              119.9335353,
              -4.8856194
            ],
            [
              119.9337883,
              -4.8860514
            ],
            [
              119.9341677,
              -4.8862494
            ],
            [
              119.934249,
              -4.8866995
            ],
            [
              119.9339689,
              -4.8872035
            ],
            [
              119.9331313,
              -4.8874981
            ],
            [
              119.9326202,
              -4.8877272
            ],
            [
              119.9320964,
              -4.8880582
            ],
            [
              119.9318792,
              -4.8886692
            ],
            [
              119.9320709,
              -4.8893439
            ],
            [
              119.9325819,
              -4.8899167
            ],
            [
              119.9327097,
              -4.890655
            ],
            [
              119.9319815,
              -4.8908586
            ],
            [
              119.9311638,
              -4.8908077
            ],
            [
              119.9304611,
              -4.8910623
            ],
            [
              119.9296818,
              -4.8920933
            ],
            [
              119.9294519,
              -4.8930226
            ],
            [
              119.9291836,
              -4.8938882
            ],
            [
              119.9286342,
              -4.89399
            ],
            [
              119.9274333,
              -4.8940282
            ],
            [
              119.9266029,
              -4.8943464
            ],
            [
              119.9254991,
              -4.8944599
            ],
            [
              119.9250472,
              -4.8946504
            ],
            [
              119.9250037,
              -4.8951613
            ],
            [
              119.9250645,
              -4.8961051
            ],
            [
              119.9249863,
              -4.8966679
            ],
            [
              119.9247517,
              -4.8973
            ],
            [
              119.924517,
              -4.8979841
            ],
            [
              119.9244823,
              -4.8989279
            ],
            [
              119.924265,
              -4.8999064
            ],
            [
              119.9238305,
              -4.9004779
            ],
            [
              119.9230657,
              -4.9005991
            ],
            [
              119.9223965,
              -4.9007376
            ],
            [
              119.9220662,
              -4.9008156
            ],
            [
              119.9217186,
              -4.9010753
            ],
            [
              119.9213101,
              -4.9013005
            ],
            [
              119.9208756,
              -4.9016208
            ],
            [
              119.9205367,
              -4.9020278
            ],
            [
              119.9203107,
              -4.9026945
            ],
            [
              119.9202499,
              -4.9029889
            ],
            [
              119.9201804,
              -4.9034912
            ],
            [
              119.9200326,
              -4.9037596
            ],
            [
              119.9197719,
              -4.9041146
            ],
            [
              119.9194069,
              -4.9042618
            ],
            [
              119.9189376,
              -4.9044263
            ],
            [
              119.9182249,
              -4.9048852
            ],
            [
              119.9178252,
              -4.9052489
            ],
            [
              119.917269,
              -4.9057338
            ],
            [
              119.9173646,
              -4.9062014
            ],
            [
              119.9174689,
              -4.9070067
            ],
            [
              119.9172777,
              -4.9073703
            ],
            [
              119.9168084,
              -4.9074569
            ],
            [
              119.9163564,
              -4.9073097
            ],
            [
              119.9152006,
              -4.9071885
            ],
            [
              119.9146531,
              -4.9070846
            ],
            [
              119.9141838,
              -4.9071712
            ],
            [
              119.9136102,
              -4.9069461
            ],
            [
              119.913054,
              -4.9069374
            ],
            [
              119.9126194,
              -4.9070153
            ],
            [
              119.912211,
              -4.9072664
            ],
            [
              119.9120372,
              -4.9076821
            ],
            [
              119.9121241,
              -4.9079765
            ],
            [
              119.9122892,
              -4.9086518
            ],
            [
              119.9122284,
              -4.9090848
            ],
            [
              119.9120285,
              -4.9093792
            ],
            [
              119.9116670316664,
              -4.9094446877775955
            ],
            [
              119.80501133788091,
              -4.838340891920609
            ]
          ]
        ]
      }
    }
  ]
}